src,dst,edge_type
RDBECOLITFC00043,RDBECOLITFC00111,COOPERATES_WITH
RDBECOLITFC00111,RDBECOLITFC00111,COOPERATES_WITH
RDBECOLITFC00111,RDBECOLITFC00160,COOPERATES_WITH
RDBECOLITFC00111,RDBECOLITFC00104,COOPERATES_WITH
RDBECOLITFC00160,RDBECOLITFC00104,COOPERATES_WITH
RDBECOLITFC00138,RDBECOLITFC00085,COOPERATES_WITH
RDBECOLITFC00085,RDBECOLITFC00085,COOPERATES_WITH
RDBECOLITFC00160,RDBECOLITFC00218,COOPERATES_WITH
RDBECOLITFC00240,RDBECOLITFC00240,COOPERATES_WITH
RDBECOLITFC00240,RDBECOLITFC00218,COOPERATES_WITH
RDBECOLITFC00240,RDBECOLITFC00049,COOPERATES_WITH
RDBECOLITFC00049,RDBECOLITFC00218,COOPERATES_WITH
RDBECOLITFC00005,RDBECOLITFC00160,COOPERATES_WITH
RDBECOLITFC00005,RDBECOLITFC00070,COOPERATES_WITH
RDBECOLITFC00005,RDBECOLITFC00044,COOPERATES_WITH
RDBECOLITFC00160,RDBECOLITFC00070,COOPERATES_WITH
RDBECOLITFC00160,RDBECOLITFC00044,COOPERATES_WITH
RDBECOLITFC00070,RDBECOLITFC00044,COOPERATES_WITH
RDBECOLITFC00070,RDBECOLITFC00070,COOPERATES_WITH
RDBECOLITFC00044,RDBECOLITFC00070,COOPERATES_WITH
RDBECOLITFC00044,RDBECOLITFC00044,COOPERATES_WITH
RDBECOLITFC00005,RDBECOLITFC00005,COOPERATES_WITH
RDBECOLITFC00160,RDBECOLITFC00005,COOPERATES_WITH
RDBECOLITFC00009,RDBECOLITFC00009,COOPERATES_WITH
RDBECOLITFC00009,RDBECOLITFC00022,COOPERATES_WITH
RDBECOLITFC00022,RDBECOLITFC00022,COOPERATES_WITH
RDBECOLITFC00092,RDBECOLITFC00129,COOPERATES_WITH
RDBECOLITFC00092,RDBECOLITFC00105,COOPERATES_WITH
RDBECOLITFC00092,RDBECOLITFC00187,COOPERATES_WITH
RDBECOLITFC00129,RDBECOLITFC00105,COOPERATES_WITH
RDBECOLITFC00129,RDBECOLITFC00129,COOPERATES_WITH
RDBECOLITFC00129,RDBECOLITFC00187,COOPERATES_WITH
RDBECOLITFC00105,RDBECOLITFC00129,COOPERATES_WITH
RDBECOLITFC00105,RDBECOLITFC00187,COOPERATES_WITH
RDBECOLITFC00187,RDBECOLITFC00187,COOPERATES_WITH
RDBECOLITFC00043,RDBECOLITFC00043,COOPERATES_WITH
RDBECOLITFC00140,RDBECOLITFC00189,COOPERATES_WITH
RDBECOLITFC00190,RDBECOLITFC00190,COOPERATES_WITH
RDBECOLITFC00190,RDBECOLITFC00086,COOPERATES_WITH
RDBECOLITFC00190,RDBECOLITFC00133,COOPERATES_WITH
RDBECOLITFC00190,RDBECOLITFC00023,COOPERATES_WITH
RDBECOLITFC00190,RDBECOLITFC00095,COOPERATES_WITH
RDBECOLITFC00086,RDBECOLITFC00086,COOPERATES_WITH
RDBECOLITFC00086,RDBECOLITFC00133,COOPERATES_WITH
RDBECOLITFC00086,RDBECOLITFC00190,COOPERATES_WITH
RDBECOLITFC00086,RDBECOLITFC00023,COOPERATES_WITH
RDBECOLITFC00086,RDBECOLITFC00095,COOPERATES_WITH
RDBECOLITFC00133,RDBECOLITFC00133,COOPERATES_WITH
RDBECOLITFC00133,RDBECOLITFC00190,COOPERATES_WITH
RDBECOLITFC00133,RDBECOLITFC00023,COOPERATES_WITH
RDBECOLITFC00133,RDBECOLITFC00095,COOPERATES_WITH
RDBECOLITFC00023,RDBECOLITFC00190,COOPERATES_WITH
RDBECOLITFC00023,RDBECOLITFC00095,COOPERATES_WITH
RDBECOLITFC00129,RDBECOLITFC00086,COOPERATES_WITH
RDBECOLITFC00129,RDBECOLITFC00133,COOPERATES_WITH
RDBECOLITFC00129,RDBECOLITFC00160,COOPERATES_WITH
RDBECOLITFC00129,RDBECOLITFC00221,COOPERATES_WITH
RDBECOLITFC00129,RDBECOLITFC00190,COOPERATES_WITH
RDBECOLITFC00086,RDBECOLITFC00160,COOPERATES_WITH
RDBECOLITFC00086,RDBECOLITFC00221,COOPERATES_WITH
RDBECOLITFC00133,RDBECOLITFC00160,COOPERATES_WITH
RDBECOLITFC00133,RDBECOLITFC00221,COOPERATES_WITH
RDBECOLITFC00160,RDBECOLITFC00221,COOPERATES_WITH
RDBECOLITFC00160,RDBECOLITFC00160,COOPERATES_WITH
RDBECOLITFC00160,RDBECOLITFC00190,COOPERATES_WITH
RDBECOLITFC00221,RDBECOLITFC00160,COOPERATES_WITH
RDBECOLITFC00221,RDBECOLITFC00190,COOPERATES_WITH
RDBECOLITFC00087,RDBECOLITFC00087,COOPERATES_WITH
RDBECOLITFC00087,RDBECOLITFC00110,COOPERATES_WITH
RDBECOLITFC00087,RDBECOLITFC00004,COOPERATES_WITH
RDBECOLITFC00087,RDBECOLITFC00190,COOPERATES_WITH
RDBECOLITFC00110,RDBECOLITFC00004,COOPERATES_WITH
RDBECOLITFC00110,RDBECOLITFC00190,COOPERATES_WITH
RDBECOLITFC00110,RDBECOLITFC00110,COOPERATES_WITH
RDBECOLITFC00004,RDBECOLITFC00190,COOPERATES_WITH
RDBECOLITFC00004,RDBECOLITFC00110,COOPERATES_WITH
RDBECOLITFC00190,RDBECOLITFC00110,COOPERATES_WITH
RDBECOLITFC00087,RDBECOLITFC00050,COOPERATES_WITH
RDBECOLITFC00110,RDBECOLITFC00050,COOPERATES_WITH
RDBECOLITFC00004,RDBECOLITFC00050,COOPERATES_WITH
RDBECOLITFC00190,RDBECOLITFC00050,COOPERATES_WITH
RDBECOLITFC00050,RDBECOLITFC00050,COOPERATES_WITH
RDBECOLITFC00160,RDBECOLITFC00129,COOPERATES_WITH
RDBECOLITFC00160,RDBECOLITFC00017,COOPERATES_WITH
RDBECOLITFC00160,RDBECOLITFC00086,COOPERATES_WITH
RDBECOLITFC00129,RDBECOLITFC00017,COOPERATES_WITH
RDBECOLITFC00129,RDBECOLITFC00104,COOPERATES_WITH
RDBECOLITFC00017,RDBECOLITFC00017,COOPERATES_WITH
RDBECOLITFC00017,RDBECOLITFC00086,COOPERATES_WITH
RDBECOLITFC00017,RDBECOLITFC00104,COOPERATES_WITH
RDBECOLITFC00086,RDBECOLITFC00104,COOPERATES_WITH
RDBECOLITFC00104,RDBECOLITFC00104,COOPERATES_WITH
RDBECOLITFC00087,RDBECOLITFC00215,COOPERATES_WITH
RDBECOLITFC00092,RDBECOLITFC00215,COOPERATES_WITH
RDBECOLITFC00183,RDBECOLITFC00183,COOPERATES_WITH
RDBECOLITFC00183,RDBECOLITFC00230,COOPERATES_WITH
RDBECOLITFC00183,RDBECOLITFC00180,COOPERATES_WITH
RDBECOLITFC00183,RDBECOLITFC00050,COOPERATES_WITH
RDBECOLITFC00230,RDBECOLITFC00180,COOPERATES_WITH
RDBECOLITFC00230,RDBECOLITFC00050,COOPERATES_WITH
RDBECOLITFC00180,RDBECOLITFC00050,COOPERATES_WITH
RDBECOLITFC00188,RDBECOLITFC00095,COOPERATES_WITH
RDBECOLITFC00188,RDBECOLITFC00188,COOPERATES_WITH
RDBECOLITFC00095,RDBECOLITFC00188,COOPERATES_WITH
RDBECOLITFC00060,RDBECOLITFC00126,COOPERATES_WITH
RDBECOLITFC00060,RDBECOLITFC00095,COOPERATES_WITH
RDBECOLITFC00126,RDBECOLITFC00095,COOPERATES_WITH
RDBECOLITFC00086,RDBECOLITFC00129,COOPERATES_WITH
RDBECOLITFC00024,RDBECOLITFC00054,COOPERATES_WITH
RDBECOLITFC00024,RDBECOLITFC00036,COOPERATES_WITH
RDBECOLITFC00054,RDBECOLITFC00036,COOPERATES_WITH
RDBECOLITFC00092,RDBECOLITFC00092,COOPERATES_WITH
RDBECOLITFC00087,RDBECOLITFC00240,COOPERATES_WITH
RDBECOLITFC00095,RDBECOLITFC00060,COOPERATES_WITH
RDBECOLITFC00138,RDBECOLITFC00043,COOPERATES_WITH
RDBECOLITFC00138,RDBECOLITFC00221,COOPERATES_WITH
RDBECOLITFC00043,RDBECOLITFC00221,COOPERATES_WITH
RDBECOLITFC00133,RDBECOLITFC00038,COOPERATES_WITH
RDBECOLITFC00160,RDBECOLITFC00038,COOPERATES_WITH
RDBECOLITFC00133,RDBECOLITFC00103,COOPERATES_WITH
RDBECOLITFC00103,RDBECOLITFC00103,COOPERATES_WITH
RDBECOLITFC00103,RDBECOLITFC00133,COOPERATES_WITH
RDBECOLITFC00103,RDBECOLITFC00070,COOPERATES_WITH
RDBECOLITFC00103,RDBECOLITFC00086,COOPERATES_WITH
RDBECOLITFC00103,RDBECOLITFC00160,COOPERATES_WITH
RDBECOLITFC00133,RDBECOLITFC00070,COOPERATES_WITH
RDBECOLITFC00133,RDBECOLITFC00086,COOPERATES_WITH
RDBECOLITFC00070,RDBECOLITFC00086,COOPERATES_WITH
RDBECOLITFC00070,RDBECOLITFC00160,COOPERATES_WITH
RDBECOLITFC00070,RDBECOLITFC00103,COOPERATES_WITH
RDBECOLITFC00086,RDBECOLITFC00103,COOPERATES_WITH
RDBECOLITFC00160,RDBECOLITFC00103,COOPERATES_WITH
RDBECOLITFC00171,RDBECOLITFC00171,COOPERATES_WITH
RDBECOLITFC00171,RDBECOLITFC00086,COOPERATES_WITH
RDBECOLITFC00095,RDBECOLITFC00126,COOPERATES_WITH
RDBECOLITFC00182,RDBECOLITFC00182,COOPERATES_WITH
RDBECOLITFC00087,RDBECOLITFC00005,COOPERATES_WITH
RDBECOLITFC00183,RDBECOLITFC00104,COOPERATES_WITH
RDBECOLITFC00199,RDBECOLITFC00199,COOPERATES_WITH
RDBECOLITFC00086,RDBECOLITFC00012,COOPERATES_WITH
RDBECOLITFC00012,RDBECOLITFC00086,COOPERATES_WITH
RDBECOLITFC00171,RDBECOLITFC00054,COOPERATES_WITH
RDBECOLITFC00133,RDBECOLITFC00003,COOPERATES_WITH
RDBECOLITFC00160,RDBECOLITFC00133,COOPERATES_WITH
RDBECOLITFC00160,RDBECOLITFC00003,COOPERATES_WITH
RDBECOLITFC00003,RDBECOLITFC00003,COOPERATES_WITH
RDBECOLITFC00104,RDBECOLITFC00079,COOPERATES_WITH
RDBECOLITFC00202,RDBECOLITFC00202,COOPERATES_WITH
RDBECOLITFC00202,RDBECOLITFC00050,COOPERATES_WITH
RDBECOLITFC00133,RDBECOLITFC00019,COOPERATES_WITH
RDBECOLITFC00160,RDBECOLITFC00019,COOPERATES_WITH
RDBECOLITFC00019,RDBECOLITFC00019,COOPERATES_WITH
RDBECOLITFC00019,RDBECOLITFC00086,COOPERATES_WITH
RDBECOLITFC00107,RDBECOLITFC00107,COOPERATES_WITH
RDBECOLITFC00082,RDBECOLITFC00082,COOPERATES_WITH
RDBECOLITFC00086,RDBECOLITFC00186,COOPERATES_WITH
RDBECOLITFC00186,RDBECOLITFC00086,COOPERATES_WITH
RDBECOLITFC00038,RDBECOLITFC00043,COOPERATES_WITH
RDBECOLITFC00155,RDBECOLITFC00086,COOPERATES_WITH
RDBECOLITFC00154,RDBECOLITFC00154,COOPERATES_WITH
RDBECOLITFC00154,RDBECOLITFC00050,COOPERATES_WITH
RDBECOLITFC00043,RDBECOLITFC00222,COOPERATES_WITH
RDBECOLITFC00224,RDBECOLITFC00224,COOPERATES_WITH
RDBECOLITFC00190,RDBECOLITFC00005,COOPERATES_WITH
RDBECOLITFC00190,RDBECOLITFC00070,COOPERATES_WITH
RDBECOLITFC00190,RDBECOLITFC00044,COOPERATES_WITH
RDBECOLITFC00017,RDBECOLITFC00134,COOPERATES_WITH
RDBECOLITFC00130,RDBECOLITFC00130,COOPERATES_WITH
RDBECOLITFC00130,RDBECOLITFC00129,COOPERATES_WITH
RDBECOLITFC00129,RDBECOLITFC00050,COOPERATES_WITH
RDBECOLITFC00134,RDBECOLITFC00108,COOPERATES_WITH
RDBECOLITFC00134,RDBECOLITFC00118,COOPERATES_WITH
RDBECOLITFC00108,RDBECOLITFC00118,COOPERATES_WITH
RDBECOLITFC00168,RDBECOLITFC00168,COOPERATES_WITH
RDBECOLITFC00168,RDBECOLITFC00056,COOPERATES_WITH
RDBECOLITFC00056,RDBECOLITFC00056,COOPERATES_WITH
RDBECOLITFC00043,RDBECOLITFC00086,COOPERATES_WITH
RDBECOLITFC00011,RDBECOLITFC00011,COOPERATES_WITH
RDBECOLITFC00129,RDBECOLITFC00011,COOPERATES_WITH
RDBECOLITFC00011,RDBECOLITFC00129,COOPERATES_WITH
RDBECOLITFC00050,RDBECOLITFC00086,COOPERATES_WITH
RDBECOLITFC00045,RDBECOLITFC00045,COOPERATES_WITH
RDBECOLITFC00188,RDBECOLITFC00126,COOPERATES_WITH
RDBECOLITFC00024,RDBECOLITFC00024,COOPERATES_WITH
RDBECOLITFC00069,RDBECOLITFC00069,COOPERATES_WITH
RDBECOLITFC00071,RDBECOLITFC00071,COOPERATES_WITH
RDBECOLITFC00083,RDBECOLITFC00083,COOPERATES_WITH
RDBECOLITFC00083,RDBECOLITFC00140,COOPERATES_WITH
RDBECOLITFC00140,RDBECOLITFC00140,COOPERATES_WITH
RDBECOLITFC00050,RDBECOLITFC00180,COOPERATES_WITH
RDBECOLITFC00050,RDBECOLITFC00183,COOPERATES_WITH
RDBECOLITFC00050,RDBECOLITFC00061,COOPERATES_WITH
RDBECOLITFC00180,RDBECOLITFC00180,COOPERATES_WITH
RDBECOLITFC00180,RDBECOLITFC00086,COOPERATES_WITH
RDBECOLITFC00180,RDBECOLITFC00183,COOPERATES_WITH
RDBECOLITFC00180,RDBECOLITFC00061,COOPERATES_WITH
RDBECOLITFC00086,RDBECOLITFC00183,COOPERATES_WITH
RDBECOLITFC00086,RDBECOLITFC00061,COOPERATES_WITH
RDBECOLITFC00183,RDBECOLITFC00061,COOPERATES_WITH
RDBECOLITFC00050,RDBECOLITFC00110,COOPERATES_WITH
RDBECOLITFC00050,RDBECOLITFC00190,COOPERATES_WITH
RDBECOLITFC00110,RDBECOLITFC00061,COOPERATES_WITH
RDBECOLITFC00061,RDBECOLITFC00190,COOPERATES_WITH
RDBECOLITFC00110,RDBECOLITFC00017,COOPERATES_WITH
RDBECOLITFC00129,RDBECOLITFC00055,COOPERATES_WITH
RDBECOLITFC00055,RDBECOLITFC00055,COOPERATES_WITH
RDBECOLITFC00144,RDBECOLITFC00144,COOPERATES_WITH
RDBECOLITFC00076,RDBECOLITFC00133,COOPERATES_WITH
RDBECOLITFC00076,RDBECOLITFC00086,COOPERATES_WITH
RDBECOLITFC00076,RDBECOLITFC00071,COOPERATES_WITH
RDBECOLITFC00133,RDBECOLITFC00071,COOPERATES_WITH
RDBECOLITFC00086,RDBECOLITFC00071,COOPERATES_WITH
RDBECOLITFC00158,RDBECOLITFC00217,COOPERATES_WITH
RDBECOLITFC00217,RDBECOLITFC00217,COOPERATES_WITH
RDBECOLITFC00009,RDBECOLITFC00104,COOPERATES_WITH
RDBECOLITFC00086,RDBECOLITFC00203,COOPERATES_WITH
RDBECOLITFC00188,RDBECOLITFC00160,COOPERATES_WITH
RDBECOLITFC00104,RDBECOLITFC00133,COOPERATES_WITH
RDBECOLITFC00005,RDBECOLITFC00134,COOPERATES_WITH
RDBECOLITFC00134,RDBECOLITFC00134,COOPERATES_WITH
RDBECOLITFC00123,RDBECOLITFC00086,COOPERATES_WITH
RDBECOLITFC00123,RDBECOLITFC00123,COOPERATES_WITH
RDBECOLITFC00086,RDBECOLITFC00123,COOPERATES_WITH
RDBECOLITFC00074,RDBECOLITFC00074,COOPERATES_WITH
RDBECOLITFC00140,RDBECOLITFC00173,COOPERATES_WITH
RDBECOLITFC00086,RDBECOLITFC00127,COOPERATES_WITH
RDBECOLITFC00127,RDBECOLITFC00127,COOPERATES_WITH
RDBECOLITFC00164,RDBECOLITFC00134,COOPERATES_WITH
RDBECOLITFC00238,RDBECOLITFC00238,COOPERATES_WITH
RDBECOLITFC00183,RDBECOLITFC00086,COOPERATES_WITH
RDBECOLITFC00208,RDBECOLITFC00115,COOPERATES_WITH
RDBECOLITFC00208,RDBECOLITFC00086,COOPERATES_WITH
RDBECOLITFC00115,RDBECOLITFC00086,COOPERATES_WITH
RDBECOLITFC00005,RDBECOLITFC00087,COOPERATES_WITH
RDBECOLITFC00005,RDBECOLITFC00093,COOPERATES_WITH
RDBECOLITFC00093,RDBECOLITFC00093,COOPERATES_WITH
RDBECOLITFC00104,RDBECOLITFC00100,COOPERATES_WITH
RDBECOLITFC00100,RDBECOLITFC00100,COOPERATES_WITH
RDBECOLITFC00138,RDBECOLITFC00104,COOPERATES_WITH
RDBECOLITFC00169,RDBECOLITFC00169,COOPERATES_WITH
RDBECOLITFC00151,RDBECOLITFC00151,COOPERATES_WITH
RDBECOLITFC00151,RDBECOLITFC00161,COOPERATES_WITH
RDBECOLITFC00161,RDBECOLITFC00161,COOPERATES_WITH
RDBECOLITFC00009,RDBECOLITFC00050,COOPERATES_WITH
RDBECOLITFC00050,RDBECOLITFC00009,COOPERATES_WITH
RDBECOLITFC00178,RDBECOLITFC00212,COOPERATES_WITH
RDBECOLITFC00094,RDBECOLITFC00134,COOPERATES_WITH
RDBECOLITFC00094,RDBECOLITFC00128,COOPERATES_WITH
RDBECOLITFC00094,RDBECOLITFC00160,COOPERATES_WITH
RDBECOLITFC00094,RDBECOLITFC00050,COOPERATES_WITH
RDBECOLITFC00094,RDBECOLITFC00032,COOPERATES_WITH
RDBECOLITFC00094,RDBECOLITFC00081,COOPERATES_WITH
RDBECOLITFC00134,RDBECOLITFC00128,COOPERATES_WITH
RDBECOLITFC00134,RDBECOLITFC00160,COOPERATES_WITH
RDBECOLITFC00134,RDBECOLITFC00050,COOPERATES_WITH
RDBECOLITFC00134,RDBECOLITFC00032,COOPERATES_WITH
RDBECOLITFC00134,RDBECOLITFC00081,COOPERATES_WITH
RDBECOLITFC00128,RDBECOLITFC00160,COOPERATES_WITH
RDBECOLITFC00128,RDBECOLITFC00050,COOPERATES_WITH
RDBECOLITFC00128,RDBECOLITFC00032,COOPERATES_WITH
RDBECOLITFC00128,RDBECOLITFC00081,COOPERATES_WITH
RDBECOLITFC00160,RDBECOLITFC00050,COOPERATES_WITH
RDBECOLITFC00160,RDBECOLITFC00032,COOPERATES_WITH
RDBECOLITFC00160,RDBECOLITFC00081,COOPERATES_WITH
RDBECOLITFC00050,RDBECOLITFC00032,COOPERATES_WITH
RDBECOLITFC00050,RDBECOLITFC00081,COOPERATES_WITH
RDBECOLITFC00032,RDBECOLITFC00081,COOPERATES_WITH
RDBECOLITFC00003,RDBECOLITFC00157,COOPERATES_WITH
RDBECOLITFC00003,RDBECOLITFC00222,COOPERATES_WITH
RDBECOLITFC00003,RDBECOLITFC00029,COOPERATES_WITH
RDBECOLITFC00157,RDBECOLITFC00222,COOPERATES_WITH
RDBECOLITFC00157,RDBECOLITFC00029,COOPERATES_WITH
RDBECOLITFC00222,RDBECOLITFC00029,COOPERATES_WITH
RDBECOLITFC00124,RDBECOLITFC00086,COOPERATES_WITH
RDBECOLITFC00124,RDBECOLITFC00133,COOPERATES_WITH
RDBECOLITFC00054,RDBECOLITFC00086,COOPERATES_WITH
RDBECOLITFC00002,RDBECOLITFC00081,COOPERATES_WITH
RDBECOLITFC00160,RDBECOLITFC00140,COOPERATES_WITH
RDBECOLITFC00160,RDBECOLITFC00134,COOPERATES_WITH
RDBECOLITFC00140,RDBECOLITFC00134,COOPERATES_WITH
RDBECOLITFC00126,RDBECOLITFC00060,COOPERATES_WITH
RDBECOLITFC00069,RDBECOLITFC00086,COOPERATES_WITH
RDBECOLITFC00086,RDBECOLITFC00069,COOPERATES_WITH
RDBECOLITFC00003,RDBECOLITFC00194,COOPERATES_WITH
RDBECOLITFC00003,RDBECOLITFC00050,COOPERATES_WITH
RDBECOLITFC00003,RDBECOLITFC00094,COOPERATES_WITH
RDBECOLITFC00003,RDBECOLITFC00032,COOPERATES_WITH
RDBECOLITFC00194,RDBECOLITFC00050,COOPERATES_WITH
RDBECOLITFC00194,RDBECOLITFC00094,COOPERATES_WITH
RDBECOLITFC00194,RDBECOLITFC00032,COOPERATES_WITH
RDBECOLITFC00050,RDBECOLITFC00094,COOPERATES_WITH
RDBECOLITFC00094,RDBECOLITFC00094,COOPERATES_WITH
RDBECOLITFC00032,RDBECOLITFC00094,COOPERATES_WITH
RDBECOLITFC00032,RDBECOLITFC00032,COOPERATES_WITH
RDBECOLITFC00157,RDBECOLITFC00094,COOPERATES_WITH
RDBECOLITFC00157,RDBECOLITFC00133,COOPERATES_WITH
RDBECOLITFC00094,RDBECOLITFC00133,COOPERATES_WITH
RDBECOLITFC00076,RDBECOLITFC00087,COOPERATES_WITH
RDBECOLITFC00152,RDBECOLITFC00152,COOPERATES_WITH
RDBECOLITFC00070,RDBECOLITFC00124,COOPERATES_WITH
RDBECOLITFC00124,RDBECOLITFC00124,COOPERATES_WITH
RDBECOLITFC00072,RDBECOLITFC00060,COOPERATES_WITH
RDBECOLITFC00087,RDBECOLITFC00152,COOPERATES_WITH
RDBECOLITFC00177,RDBECOLITFC00177,COOPERATES_WITH
RDBECOLITFC00076,RDBECOLITFC00007,COOPERATES_WITH
RDBECOLITFC00015,RDBECOLITFC00050,COOPERATES_WITH
RDBECOLITFC00015,RDBECOLITFC00128,COOPERATES_WITH
RDBECOLITFC00050,RDBECOLITFC00128,COOPERATES_WITH
RDBECOLITFC00086,RDBECOLITFC00238,COOPERATES_WITH
RDBECOLITFC00238,RDBECOLITFC00190,COOPERATES_WITH
RDBECOLITFC00005,RDBECOLITFC00086,COOPERATES_WITH
RDBECOLITFC00005,RDBECOLITFC00140,COOPERATES_WITH
RDBECOLITFC00086,RDBECOLITFC00140,COOPERATES_WITH
RDBECOLITFC00182,RDBECOLITFC00134,COOPERATES_WITH
RDBECOLITFC00182,RDBECOLITFC00212,COOPERATES_WITH
RDBECOLITFC00182,RDBECOLITFC00050,COOPERATES_WITH
RDBECOLITFC00134,RDBECOLITFC00212,COOPERATES_WITH
RDBECOLITFC00212,RDBECOLITFC00050,COOPERATES_WITH
RDBECOLITFC00222,RDBECOLITFC00004,COOPERATES_WITH
RDBECOLITFC00222,RDBECOLITFC00050,COOPERATES_WITH
RDBECOLITFC00222,RDBECOLITFC00110,COOPERATES_WITH
RDBECOLITFC00086,RDBECOLITFC00045,COOPERATES_WITH
RDBECOLITFC00042,RDBECOLITFC00042,COOPERATES_WITH
RDBECOLITFC00118,RDBECOLITFC00108,COOPERATES_WITH
RDBECOLITFC00105,RDBECOLITFC00105,COOPERATES_WITH
RDBECOLITFC00221,RDBECOLITFC00140,COOPERATES_WITH
RDBECOLITFC00221,RDBECOLITFC00018,COOPERATES_WITH
RDBECOLITFC00221,RDBECOLITFC00133,COOPERATES_WITH
RDBECOLITFC00140,RDBECOLITFC00018,COOPERATES_WITH
RDBECOLITFC00140,RDBECOLITFC00133,COOPERATES_WITH
RDBECOLITFC00018,RDBECOLITFC00133,COOPERATES_WITH
RDBECOLITFC00092,RDBECOLITFC00086,COOPERATES_WITH
RDBECOLITFC00092,RDBECOLITFC00018,COOPERATES_WITH
RDBECOLITFC00092,RDBECOLITFC00190,COOPERATES_WITH
RDBECOLITFC00086,RDBECOLITFC00018,COOPERATES_WITH
RDBECOLITFC00018,RDBECOLITFC00190,COOPERATES_WITH
RDBECOLITFC00178,RDBECOLITFC00086,COOPERATES_WITH
RDBECOLITFC00178,RDBECOLITFC00110,COOPERATES_WITH
RDBECOLITFC00178,RDBECOLITFC00140,COOPERATES_WITH
RDBECOLITFC00178,RDBECOLITFC00190,COOPERATES_WITH
RDBECOLITFC00086,RDBECOLITFC00110,COOPERATES_WITH
RDBECOLITFC00110,RDBECOLITFC00140,COOPERATES_WITH
RDBECOLITFC00110,RDBECOLITFC00086,COOPERATES_WITH
RDBECOLITFC00140,RDBECOLITFC00086,COOPERATES_WITH
RDBECOLITFC00140,RDBECOLITFC00190,COOPERATES_WITH
RDBECOLITFC00134,RDBECOLITFC00086,COOPERATES_WITH
RDBECOLITFC00188,RDBECOLITFC00060,COOPERATES_WITH
RDBECOLITFC00095,RDBECOLITFC00095,COOPERATES_WITH
RDBECOLITFC00207,RDBECOLITFC00045,COOPERATES_WITH
RDBECOLITFC00086,RDBECOLITFC00166,COOPERATES_WITH
RDBECOLITFC00005,RDBECOLITFC00188,COOPERATES_WITH
RDBECOLITFC00005,RDBECOLITFC00105,COOPERATES_WITH
RDBECOLITFC00005,RDBECOLITFC00129,COOPERATES_WITH
RDBECOLITFC00188,RDBECOLITFC00105,COOPERATES_WITH
RDBECOLITFC00188,RDBECOLITFC00140,COOPERATES_WITH
RDBECOLITFC00188,RDBECOLITFC00129,COOPERATES_WITH
RDBECOLITFC00105,RDBECOLITFC00140,COOPERATES_WITH
RDBECOLITFC00105,RDBECOLITFC00188,COOPERATES_WITH
RDBECOLITFC00140,RDBECOLITFC00188,COOPERATES_WITH
RDBECOLITFC00140,RDBECOLITFC00129,COOPERATES_WITH
RDBECOLITFC00140,RDBECOLITFC00105,COOPERATES_WITH
RDBECOLITFC00078,RDBECOLITFC00078,COOPERATES_WITH
RDBECOLITFC00078,RDBECOLITFC00126,COOPERATES_WITH
RDBECOLITFC00078,RDBECOLITFC00121,COOPERATES_WITH
RDBECOLITFC00078,RDBECOLITFC00095,COOPERATES_WITH
RDBECOLITFC00078,RDBECOLITFC00060,COOPERATES_WITH
RDBECOLITFC00078,RDBECOLITFC00140,COOPERATES_WITH
RDBECOLITFC00078,RDBECOLITFC00050,COOPERATES_WITH
RDBECOLITFC00078,RDBECOLITFC00110,COOPERATES_WITH
RDBECOLITFC00078,RDBECOLITFC00154,COOPERATES_WITH
RDBECOLITFC00126,RDBECOLITFC00121,COOPERATES_WITH
RDBECOLITFC00126,RDBECOLITFC00140,COOPERATES_WITH
RDBECOLITFC00126,RDBECOLITFC00050,COOPERATES_WITH
RDBECOLITFC00126,RDBECOLITFC00110,COOPERATES_WITH
RDBECOLITFC00126,RDBECOLITFC00154,COOPERATES_WITH
RDBECOLITFC00121,RDBECOLITFC00095,COOPERATES_WITH
RDBECOLITFC00121,RDBECOLITFC00060,COOPERATES_WITH
RDBECOLITFC00121,RDBECOLITFC00140,COOPERATES_WITH
RDBECOLITFC00121,RDBECOLITFC00050,COOPERATES_WITH
RDBECOLITFC00121,RDBECOLITFC00110,COOPERATES_WITH
RDBECOLITFC00121,RDBECOLITFC00154,COOPERATES_WITH
RDBECOLITFC00095,RDBECOLITFC00140,COOPERATES_WITH
RDBECOLITFC00095,RDBECOLITFC00050,COOPERATES_WITH
RDBECOLITFC00095,RDBECOLITFC00110,COOPERATES_WITH
RDBECOLITFC00095,RDBECOLITFC00154,COOPERATES_WITH
RDBECOLITFC00060,RDBECOLITFC00140,COOPERATES_WITH
RDBECOLITFC00060,RDBECOLITFC00050,COOPERATES_WITH
RDBECOLITFC00060,RDBECOLITFC00110,COOPERATES_WITH
RDBECOLITFC00060,RDBECOLITFC00154,COOPERATES_WITH
RDBECOLITFC00140,RDBECOLITFC00050,COOPERATES_WITH
RDBECOLITFC00140,RDBECOLITFC00110,COOPERATES_WITH
RDBECOLITFC00140,RDBECOLITFC00154,COOPERATES_WITH
RDBECOLITFC00050,RDBECOLITFC00154,COOPERATES_WITH
RDBECOLITFC00110,RDBECOLITFC00154,COOPERATES_WITH
RDBECOLITFC00188,RDBECOLITFC00241,COOPERATES_WITH
RDBECOLITFC00188,RDBECOLITFC00087,COOPERATES_WITH
RDBECOLITFC00241,RDBECOLITFC00087,COOPERATES_WITH
RDBECOLITFC00241,RDBECOLITFC00188,COOPERATES_WITH
RDBECOLITFC00087,RDBECOLITFC00188,COOPERATES_WITH
RDBECOLITFC00152,RDBECOLITFC00054,COOPERATES_WITH
RDBECOLITFC00054,RDBECOLITFC00054,COOPERATES_WITH
RDBECOLITFC00160,RDBECOLITFC00029,COOPERATES_WITH
RDBECOLITFC00133,RDBECOLITFC00050,COOPERATES_WITH
RDBECOLITFC00050,RDBECOLITFC00160,COOPERATES_WITH
RDBECOLITFC00022,RDBECOLITFC00140,COOPERATES_WITH
RDBECOLITFC00022,RDBECOLITFC00190,COOPERATES_WITH
RDBECOLITFC00140,RDBECOLITFC00022,COOPERATES_WITH
RDBECOLITFC00190,RDBECOLITFC00022,COOPERATES_WITH
RDBECOLITFC00005,RDBECOLITFC00043,COOPERATES_WITH
RDBECOLITFC00092,RDBECOLITFC00014,COOPERATES_WITH
RDBECOLITFC00014,RDBECOLITFC00014,COOPERATES_WITH
RDBECOLITFC00014,RDBECOLITFC00086,COOPERATES_WITH
RDBECOLITFC00115,RDBECOLITFC00129,COOPERATES_WITH
RDBECOLITFC00022,RDBECOLITFC00133,COOPERATES_WITH
RDBECOLITFC00022,RDBECOLITFC00003,COOPERATES_WITH
RDBECOLITFC00022,RDBECOLITFC00081,COOPERATES_WITH
RDBECOLITFC00133,RDBECOLITFC00022,COOPERATES_WITH
RDBECOLITFC00133,RDBECOLITFC00081,COOPERATES_WITH
RDBECOLITFC00003,RDBECOLITFC00022,COOPERATES_WITH
RDBECOLITFC00003,RDBECOLITFC00081,COOPERATES_WITH
RDBECOLITFC00190,RDBECOLITFC00140,COOPERATES_WITH
RDBECOLITFC00207,RDBECOLITFC00003,COOPERATES_WITH
RDBECOLITFC00003,RDBECOLITFC00045,COOPERATES_WITH
RDBECOLITFC00140,RDBECOLITFC00078,COOPERATES_WITH
RDBECOLITFC00190,RDBECOLITFC00078,COOPERATES_WITH
RDBECOLITFC00079,RDBECOLITFC00050,COOPERATES_WITH
RDBECOLITFC00079,RDBECOLITFC00110,COOPERATES_WITH
RDBECOLITFC00079,RDBECOLITFC00086,COOPERATES_WITH
RDBECOLITFC00079,RDBECOLITFC00079,COOPERATES_WITH
RDBECOLITFC00050,RDBECOLITFC00079,COOPERATES_WITH
RDBECOLITFC00110,RDBECOLITFC00079,COOPERATES_WITH
RDBECOLITFC00086,RDBECOLITFC00079,COOPERATES_WITH
RDBECOLITFC00178,RDBECOLITFC00081,COOPERATES_WITH
RDBECOLITFC00128,RDBECOLITFC00043,COOPERATES_WITH
RDBECOLITFC00171,RDBECOLITFC00220,COOPERATES_WITH
RDBECOLITFC00171,RDBECOLITFC00094,COOPERATES_WITH
RDBECOLITFC00220,RDBECOLITFC00094,COOPERATES_WITH
RDBECOLITFC00086,RDBECOLITFC00076,COOPERATES_WITH
RDBECOLITFC00133,RDBECOLITFC00076,COOPERATES_WITH
RDBECOLITFC00076,RDBECOLITFC00076,COOPERATES_WITH
RDBECOLITFC00140,RDBECOLITFC00160,COOPERATES_WITH
RDBECOLITFC00153,RDBECOLITFC00050,COOPERATES_WITH
RDBECOLITFC00153,RDBECOLITFC00061,COOPERATES_WITH
RDBECOLITFC00153,RDBECOLITFC00180,COOPERATES_WITH
RDBECOLITFC00061,RDBECOLITFC00180,COOPERATES_WITH
RDBECOLITFC00086,RDBECOLITFC00202,COOPERATES_WITH
RDBECOLITFC00086,RDBECOLITFC00182,COOPERATES_WITH
RDBECOLITFC00086,RDBECOLITFC00194,COOPERATES_WITH
RDBECOLITFC00133,RDBECOLITFC00202,COOPERATES_WITH
RDBECOLITFC00133,RDBECOLITFC00182,COOPERATES_WITH
RDBECOLITFC00133,RDBECOLITFC00194,COOPERATES_WITH
RDBECOLITFC00133,RDBECOLITFC00183,COOPERATES_WITH
RDBECOLITFC00202,RDBECOLITFC00182,COOPERATES_WITH
RDBECOLITFC00202,RDBECOLITFC00194,COOPERATES_WITH
RDBECOLITFC00202,RDBECOLITFC00183,COOPERATES_WITH
RDBECOLITFC00182,RDBECOLITFC00194,COOPERATES_WITH
RDBECOLITFC00182,RDBECOLITFC00183,COOPERATES_WITH
RDBECOLITFC00194,RDBECOLITFC00183,COOPERATES_WITH
RDBECOLITFC00177,RDBECOLITFC00086,COOPERATES_WITH
RDBECOLITFC00216,RDBECOLITFC00216,COOPERATES_WITH
RDBECOLITFC00133,RDBECOLITFC00140,COOPERATES_WITH
RDBECOLITFC00116,RDBECOLITFC00116,COOPERATES_WITH
RDBECOLITFC00086,RDBECOLITFC00033,COOPERATES_WITH
RDBECOLITFC00086,RDBECOLITFC00235,COOPERATES_WITH
RDBECOLITFC00033,RDBECOLITFC00033,COOPERATES_WITH
RDBECOLITFC00033,RDBECOLITFC00235,COOPERATES_WITH
RDBECOLITFC00235,RDBECOLITFC00235,COOPERATES_WITH
RDBECOLITFC00006,RDBECOLITFC00006,COOPERATES_WITH
RDBECOLITFC00006,RDBECOLITFC00086,COOPERATES_WITH
RDBECOLITFC00180,RDBECOLITFC00190,COOPERATES_WITH
RDBECOLITFC00180,RDBECOLITFC00153,COOPERATES_WITH
RDBECOLITFC00086,RDBECOLITFC00050,COOPERATES_WITH
RDBECOLITFC00086,RDBECOLITFC00180,COOPERATES_WITH
RDBECOLITFC00086,RDBECOLITFC00153,COOPERATES_WITH
RDBECOLITFC00050,RDBECOLITFC00153,COOPERATES_WITH
RDBECOLITFC00190,RDBECOLITFC00180,COOPERATES_WITH
RDBECOLITFC00190,RDBECOLITFC00153,COOPERATES_WITH
RDBECOLITFC00190,RDBECOLITFC00061,COOPERATES_WITH
RDBECOLITFC00086,RDBECOLITFC00171,COOPERATES_WITH
RDBECOLITFC00171,RDBECOLITFC00238,COOPERATES_WITH
RDBECOLITFC00005,RDBECOLITFC00104,COOPERATES_WITH
RDBECOLITFC00005,RDBECOLITFC00085,COOPERATES_WITH
RDBECOLITFC00134,RDBECOLITFC00104,COOPERATES_WITH
RDBECOLITFC00134,RDBECOLITFC00085,COOPERATES_WITH
RDBECOLITFC00104,RDBECOLITFC00085,COOPERATES_WITH
RDBECOLITFC00104,RDBECOLITFC00086,COOPERATES_WITH
RDBECOLITFC00085,RDBECOLITFC00086,COOPERATES_WITH
RDBECOLITFC00021,RDBECOLITFC00021,COOPERATES_WITH
RDBECOLITFC00220,RDBECOLITFC00220,COOPERATES_WITH
RDBECOLITFC00220,RDBECOLITFC00086,COOPERATES_WITH
RDBECOLITFC00086,RDBECOLITFC00114,COOPERATES_WITH
RDBECOLITFC00086,RDBECOLITFC00121,COOPERATES_WITH
RDBECOLITFC00086,RDBECOLITFC00064,COOPERATES_WITH
RDBECOLITFC00114,RDBECOLITFC00050,COOPERATES_WITH
RDBECOLITFC00114,RDBECOLITFC00121,COOPERATES_WITH
RDBECOLITFC00114,RDBECOLITFC00064,COOPERATES_WITH
RDBECOLITFC00114,RDBECOLITFC00114,COOPERATES_WITH
RDBECOLITFC00050,RDBECOLITFC00121,COOPERATES_WITH
RDBECOLITFC00050,RDBECOLITFC00064,COOPERATES_WITH
RDBECOLITFC00050,RDBECOLITFC00114,COOPERATES_WITH
RDBECOLITFC00121,RDBECOLITFC00064,COOPERATES_WITH
RDBECOLITFC00121,RDBECOLITFC00114,COOPERATES_WITH
RDBECOLITFC00064,RDBECOLITFC00064,COOPERATES_WITH
RDBECOLITFC00064,RDBECOLITFC00114,COOPERATES_WITH
RDBECOLITFC00114,RDBECOLITFC00086,COOPERATES_WITH
RDBECOLITFC00064,RDBECOLITFC00121,COOPERATES_WITH
RDBECOLITFC00064,RDBECOLITFC00086,COOPERATES_WITH
RDBECOLITFC00121,RDBECOLITFC00086,COOPERATES_WITH
RDBECOLITFC00115,RDBECOLITFC00115,COOPERATES_WITH
RDBECOLITFC00115,RDBECOLITFC00208,COOPERATES_WITH
RDBECOLITFC00013,RDBECOLITFC00087,COOPERATES_WITH
RDBECOLITFC00086,RDBECOLITFC00022,COOPERATES_WITH
RDBECOLITFC00086,RDBECOLITFC00222,COOPERATES_WITH
RDBECOLITFC00086,RDBECOLITFC00083,COOPERATES_WITH
RDBECOLITFC00022,RDBECOLITFC00222,COOPERATES_WITH
RDBECOLITFC00022,RDBECOLITFC00083,COOPERATES_WITH
RDBECOLITFC00222,RDBECOLITFC00083,COOPERATES_WITH
RDBECOLITFC00188,RDBECOLITFC00044,COOPERATES_WITH
RDBECOLITFC00188,RDBECOLITFC00070,COOPERATES_WITH
RDBECOLITFC00188,RDBECOLITFC00005,COOPERATES_WITH
RDBECOLITFC00044,RDBECOLITFC00160,COOPERATES_WITH
RDBECOLITFC00044,RDBECOLITFC00005,COOPERATES_WITH
RDBECOLITFC00070,RDBECOLITFC00005,COOPERATES_WITH
RDBECOLITFC00086,RDBECOLITFC00237,COOPERATES_WITH
RDBECOLITFC00076,RDBECOLITFC00075,COOPERATES_WITH
RDBECOLITFC00140,RDBECOLITFC00093,COOPERATES_WITH
RDBECOLITFC00140,RDBECOLITFC00044,COOPERATES_WITH
RDBECOLITFC00140,RDBECOLITFC00070,COOPERATES_WITH
RDBECOLITFC00093,RDBECOLITFC00044,COOPERATES_WITH
RDBECOLITFC00093,RDBECOLITFC00070,COOPERATES_WITH
RDBECOLITFC00093,RDBECOLITFC00140,COOPERATES_WITH
RDBECOLITFC00093,RDBECOLITFC00160,COOPERATES_WITH
RDBECOLITFC00044,RDBECOLITFC00140,COOPERATES_WITH
RDBECOLITFC00070,RDBECOLITFC00140,COOPERATES_WITH
RDBECOLITFC00233,RDBECOLITFC00233,COOPERATES_WITH
RDBECOLITFC00154,RDBECOLITFC00110,COOPERATES_WITH
RDBECOLITFC00154,RDBECOLITFC00140,COOPERATES_WITH
RDBECOLITFC00154,RDBECOLITFC00060,COOPERATES_WITH
RDBECOLITFC00154,RDBECOLITFC00095,COOPERATES_WITH
RDBECOLITFC00154,RDBECOLITFC00121,COOPERATES_WITH
RDBECOLITFC00154,RDBECOLITFC00126,COOPERATES_WITH
RDBECOLITFC00154,RDBECOLITFC00078,COOPERATES_WITH
RDBECOLITFC00110,RDBECOLITFC00060,COOPERATES_WITH
RDBECOLITFC00110,RDBECOLITFC00095,COOPERATES_WITH
RDBECOLITFC00110,RDBECOLITFC00121,COOPERATES_WITH
RDBECOLITFC00110,RDBECOLITFC00126,COOPERATES_WITH
RDBECOLITFC00110,RDBECOLITFC00078,COOPERATES_WITH
RDBECOLITFC00050,RDBECOLITFC00140,COOPERATES_WITH
RDBECOLITFC00050,RDBECOLITFC00060,COOPERATES_WITH
RDBECOLITFC00050,RDBECOLITFC00095,COOPERATES_WITH
RDBECOLITFC00050,RDBECOLITFC00126,COOPERATES_WITH
RDBECOLITFC00050,RDBECOLITFC00078,COOPERATES_WITH
RDBECOLITFC00140,RDBECOLITFC00060,COOPERATES_WITH
RDBECOLITFC00140,RDBECOLITFC00095,COOPERATES_WITH
RDBECOLITFC00140,RDBECOLITFC00121,COOPERATES_WITH
RDBECOLITFC00140,RDBECOLITFC00126,COOPERATES_WITH
RDBECOLITFC00060,RDBECOLITFC00121,COOPERATES_WITH
RDBECOLITFC00060,RDBECOLITFC00078,COOPERATES_WITH
RDBECOLITFC00095,RDBECOLITFC00121,COOPERATES_WITH
RDBECOLITFC00095,RDBECOLITFC00078,COOPERATES_WITH
RDBECOLITFC00121,RDBECOLITFC00126,COOPERATES_WITH
RDBECOLITFC00121,RDBECOLITFC00078,COOPERATES_WITH
RDBECOLITFC00126,RDBECOLITFC00078,COOPERATES_WITH
RDBECOLITFC00110,RDBECOLITFC00087,COOPERATES_WITH
RDBECOLITFC00060,RDBECOLITFC00072,COOPERATES_WITH
RDBECOLITFC00157,RDBECOLITFC00105,COOPERATES_WITH
RDBECOLITFC00157,RDBECOLITFC00190,COOPERATES_WITH
RDBECOLITFC00157,RDBECOLITFC00070,COOPERATES_WITH
RDBECOLITFC00157,RDBECOLITFC00044,COOPERATES_WITH
RDBECOLITFC00157,RDBECOLITFC00084,COOPERATES_WITH
RDBECOLITFC00133,RDBECOLITFC00105,COOPERATES_WITH
RDBECOLITFC00133,RDBECOLITFC00044,COOPERATES_WITH
RDBECOLITFC00133,RDBECOLITFC00084,COOPERATES_WITH
RDBECOLITFC00105,RDBECOLITFC00190,COOPERATES_WITH
RDBECOLITFC00105,RDBECOLITFC00070,COOPERATES_WITH
RDBECOLITFC00105,RDBECOLITFC00044,COOPERATES_WITH
RDBECOLITFC00105,RDBECOLITFC00133,COOPERATES_WITH
RDBECOLITFC00105,RDBECOLITFC00084,COOPERATES_WITH
RDBECOLITFC00190,RDBECOLITFC00105,COOPERATES_WITH
RDBECOLITFC00190,RDBECOLITFC00084,COOPERATES_WITH
RDBECOLITFC00070,RDBECOLITFC00105,COOPERATES_WITH
RDBECOLITFC00070,RDBECOLITFC00133,COOPERATES_WITH
RDBECOLITFC00070,RDBECOLITFC00084,COOPERATES_WITH
RDBECOLITFC00044,RDBECOLITFC00105,COOPERATES_WITH
RDBECOLITFC00044,RDBECOLITFC00133,COOPERATES_WITH
RDBECOLITFC00044,RDBECOLITFC00084,COOPERATES_WITH
RDBECOLITFC00061,RDBECOLITFC00110,COOPERATES_WITH
RDBECOLITFC00061,RDBECOLITFC00050,COOPERATES_WITH
RDBECOLITFC00064,RDBECOLITFC00050,COOPERATES_WITH
RDBECOLITFC00110,RDBECOLITFC00092,COOPERATES_WITH
RDBECOLITFC00110,RDBECOLITFC00070,COOPERATES_WITH
RDBECOLITFC00092,RDBECOLITFC00070,COOPERATES_WITH
RDBECOLITFC00070,RDBECOLITFC00190,COOPERATES_WITH
RDBECOLITFC00129,RDBECOLITFC00048,COOPERATES_WITH
RDBECOLITFC00129,RDBECOLITFC00077,COOPERATES_WITH
RDBECOLITFC00129,RDBECOLITFC00110,COOPERATES_WITH
RDBECOLITFC00129,RDBECOLITFC00009,COOPERATES_WITH
RDBECOLITFC00129,RDBECOLITFC00128,COOPERATES_WITH
RDBECOLITFC00129,RDBECOLITFC00140,COOPERATES_WITH
RDBECOLITFC00048,RDBECOLITFC00077,COOPERATES_WITH
RDBECOLITFC00048,RDBECOLITFC00110,COOPERATES_WITH
RDBECOLITFC00048,RDBECOLITFC00104,COOPERATES_WITH
RDBECOLITFC00048,RDBECOLITFC00160,COOPERATES_WITH
RDBECOLITFC00048,RDBECOLITFC00086,COOPERATES_WITH
RDBECOLITFC00048,RDBECOLITFC00009,COOPERATES_WITH
RDBECOLITFC00048,RDBECOLITFC00128,COOPERATES_WITH
RDBECOLITFC00048,RDBECOLITFC00140,COOPERATES_WITH
RDBECOLITFC00077,RDBECOLITFC00110,COOPERATES_WITH
RDBECOLITFC00077,RDBECOLITFC00104,COOPERATES_WITH
RDBECOLITFC00077,RDBECOLITFC00160,COOPERATES_WITH
RDBECOLITFC00077,RDBECOLITFC00086,COOPERATES_WITH
RDBECOLITFC00077,RDBECOLITFC00009,COOPERATES_WITH
RDBECOLITFC00077,RDBECOLITFC00128,COOPERATES_WITH
RDBECOLITFC00077,RDBECOLITFC00140,COOPERATES_WITH
RDBECOLITFC00110,RDBECOLITFC00104,COOPERATES_WITH
RDBECOLITFC00110,RDBECOLITFC00160,COOPERATES_WITH
RDBECOLITFC00110,RDBECOLITFC00009,COOPERATES_WITH
RDBECOLITFC00110,RDBECOLITFC00128,COOPERATES_WITH
RDBECOLITFC00104,RDBECOLITFC00160,COOPERATES_WITH
RDBECOLITFC00104,RDBECOLITFC00009,COOPERATES_WITH
RDBECOLITFC00104,RDBECOLITFC00110,COOPERATES_WITH
RDBECOLITFC00104,RDBECOLITFC00128,COOPERATES_WITH
RDBECOLITFC00104,RDBECOLITFC00140,COOPERATES_WITH
RDBECOLITFC00160,RDBECOLITFC00009,COOPERATES_WITH
RDBECOLITFC00160,RDBECOLITFC00110,COOPERATES_WITH
RDBECOLITFC00160,RDBECOLITFC00128,COOPERATES_WITH
RDBECOLITFC00086,RDBECOLITFC00009,COOPERATES_WITH
RDBECOLITFC00086,RDBECOLITFC00128,COOPERATES_WITH
RDBECOLITFC00009,RDBECOLITFC00110,COOPERATES_WITH
RDBECOLITFC00009,RDBECOLITFC00128,COOPERATES_WITH
RDBECOLITFC00009,RDBECOLITFC00140,COOPERATES_WITH
RDBECOLITFC00128,RDBECOLITFC00140,COOPERATES_WITH
RDBECOLITFC00086,RDBECOLITFC00220,COOPERATES_WITH
RDBECOLITFC00045,RDBECOLITFC00086,COOPERATES_WITH
RDBECOLITFC00087,RDBECOLITFC00092,COOPERATES_WITH
RDBECOLITFC00227,RDBECOLITFC00110,COOPERATES_WITH
RDBECOLITFC00227,RDBECOLITFC00201,COOPERATES_WITH
RDBECOLITFC00110,RDBECOLITFC00201,COOPERATES_WITH
RDBECOLITFC00023,RDBECOLITFC00086,COOPERATES_WITH
RDBECOLITFC00188,RDBECOLITFC00130,COOPERATES_WITH
RDBECOLITFC00188,RDBECOLITFC00050,COOPERATES_WITH
RDBECOLITFC00188,RDBECOLITFC00190,COOPERATES_WITH
RDBECOLITFC00130,RDBECOLITFC00188,COOPERATES_WITH
RDBECOLITFC00130,RDBECOLITFC00050,COOPERATES_WITH
RDBECOLITFC00130,RDBECOLITFC00190,COOPERATES_WITH
RDBECOLITFC00130,RDBECOLITFC00140,COOPERATES_WITH
RDBECOLITFC00050,RDBECOLITFC00188,COOPERATES_WITH
RDBECOLITFC00190,RDBECOLITFC00188,COOPERATES_WITH
RDBECOLITFC00034,RDBECOLITFC00034,COOPERATES_WITH
RDBECOLITFC00034,RDBECOLITFC00122,COOPERATES_WITH
RDBECOLITFC00034,RDBECOLITFC00086,COOPERATES_WITH
RDBECOLITFC00122,RDBECOLITFC00122,COOPERATES_WITH
RDBECOLITFC00122,RDBECOLITFC00086,COOPERATES_WITH
RDBECOLITFC00092,RDBECOLITFC00060,COOPERATES_WITH
RDBECOLITFC00092,RDBECOLITFC00095,COOPERATES_WITH
RDBECOLITFC00134,RDBECOLITFC00140,COOPERATES_WITH
RDBECOLITFC00087,RDBECOLITFC00160,COOPERATES_WITH
RDBECOLITFC00160,RDBECOLITFC00152,COOPERATES_WITH
RDBECOLITFC00177,RDBECOLITFC00092,COOPERATES_WITH
RDBECOLITFC00177,RDBECOLITFC00160,COOPERATES_WITH
RDBECOLITFC00177,RDBECOLITFC00221,COOPERATES_WITH
RDBECOLITFC00092,RDBECOLITFC00160,COOPERATES_WITH
RDBECOLITFC00092,RDBECOLITFC00221,COOPERATES_WITH
RDBECOLITFC00221,RDBECOLITFC00086,COOPERATES_WITH
RDBECOLITFC00177,RDBECOLITFC00178,COOPERATES_WITH
RDBECOLITFC00177,RDBECOLITFC00043,COOPERATES_WITH
RDBECOLITFC00177,RDBECOLITFC00240,COOPERATES_WITH
RDBECOLITFC00178,RDBECOLITFC00043,COOPERATES_WITH
RDBECOLITFC00178,RDBECOLITFC00240,COOPERATES_WITH
RDBECOLITFC00043,RDBECOLITFC00240,COOPERATES_WITH
RDBECOLITFC00240,RDBECOLITFC00043,COOPERATES_WITH
RDBECOLITFC00160,RDBECOLITFC00124,COOPERATES_WITH
RDBECOLITFC00119,RDBECOLITFC00119,COOPERATES_WITH
RDBECOLITFC00134,RDBECOLITFC00078,COOPERATES_WITH
RDBECOLITFC00134,RDBECOLITFC00043,COOPERATES_WITH
RDBECOLITFC00134,RDBECOLITFC00242,COOPERATES_WITH
RDBECOLITFC00134,RDBECOLITFC00129,COOPERATES_WITH
RDBECOLITFC00212,RDBECOLITFC00078,COOPERATES_WITH
RDBECOLITFC00212,RDBECOLITFC00140,COOPERATES_WITH
RDBECOLITFC00212,RDBECOLITFC00043,COOPERATES_WITH
RDBECOLITFC00212,RDBECOLITFC00242,COOPERATES_WITH
RDBECOLITFC00212,RDBECOLITFC00086,COOPERATES_WITH
RDBECOLITFC00212,RDBECOLITFC00129,COOPERATES_WITH
RDBECOLITFC00078,RDBECOLITFC00043,COOPERATES_WITH
RDBECOLITFC00078,RDBECOLITFC00242,COOPERATES_WITH
RDBECOLITFC00078,RDBECOLITFC00086,COOPERATES_WITH
RDBECOLITFC00078,RDBECOLITFC00129,COOPERATES_WITH
RDBECOLITFC00140,RDBECOLITFC00043,COOPERATES_WITH
RDBECOLITFC00140,RDBECOLITFC00242,COOPERATES_WITH
RDBECOLITFC00043,RDBECOLITFC00078,COOPERATES_WITH
RDBECOLITFC00043,RDBECOLITFC00140,COOPERATES_WITH
RDBECOLITFC00043,RDBECOLITFC00242,COOPERATES_WITH
RDBECOLITFC00043,RDBECOLITFC00129,COOPERATES_WITH
RDBECOLITFC00242,RDBECOLITFC00086,COOPERATES_WITH
RDBECOLITFC00242,RDBECOLITFC00129,COOPERATES_WITH
RDBECOLITFC00094,RDBECOLITFC00178,COOPERATES_WITH
RDBECOLITFC00094,RDBECOLITFC00048,COOPERATES_WITH
RDBECOLITFC00094,RDBECOLITFC00222,COOPERATES_WITH
RDBECOLITFC00094,RDBECOLITFC00190,COOPERATES_WITH
RDBECOLITFC00094,RDBECOLITFC00086,COOPERATES_WITH
RDBECOLITFC00178,RDBECOLITFC00032,COOPERATES_WITH
RDBECOLITFC00178,RDBECOLITFC00094,COOPERATES_WITH
RDBECOLITFC00178,RDBECOLITFC00048,COOPERATES_WITH
RDBECOLITFC00178,RDBECOLITFC00222,COOPERATES_WITH
RDBECOLITFC00178,RDBECOLITFC00128,COOPERATES_WITH
RDBECOLITFC00032,RDBECOLITFC00048,COOPERATES_WITH
RDBECOLITFC00032,RDBECOLITFC00222,COOPERATES_WITH
RDBECOLITFC00032,RDBECOLITFC00190,COOPERATES_WITH
RDBECOLITFC00032,RDBECOLITFC00086,COOPERATES_WITH
RDBECOLITFC00032,RDBECOLITFC00128,COOPERATES_WITH
RDBECOLITFC00048,RDBECOLITFC00222,COOPERATES_WITH
RDBECOLITFC00048,RDBECOLITFC00190,COOPERATES_WITH
RDBECOLITFC00048,RDBECOLITFC00094,COOPERATES_WITH
RDBECOLITFC00222,RDBECOLITFC00190,COOPERATES_WITH
RDBECOLITFC00222,RDBECOLITFC00086,COOPERATES_WITH
RDBECOLITFC00222,RDBECOLITFC00094,COOPERATES_WITH
RDBECOLITFC00222,RDBECOLITFC00128,COOPERATES_WITH
RDBECOLITFC00190,RDBECOLITFC00094,COOPERATES_WITH
RDBECOLITFC00190,RDBECOLITFC00128,COOPERATES_WITH
RDBECOLITFC00086,RDBECOLITFC00094,COOPERATES_WITH
RDBECOLITFC00171,RDBECOLITFC00023,COOPERATES_WITH
RDBECOLITFC00010,RDBECOLITFC00010,COOPERATES_WITH
RDBECOLITFC00128,RDBECOLITFC00178,COOPERATES_WITH
RDBECOLITFC00128,RDBECOLITFC00222,COOPERATES_WITH
RDBECOLITFC00128,RDBECOLITFC00094,COOPERATES_WITH
RDBECOLITFC00128,RDBECOLITFC00003,COOPERATES_WITH
RDBECOLITFC00128,RDBECOLITFC00128,COOPERATES_WITH
RDBECOLITFC00128,RDBECOLITFC00006,COOPERATES_WITH
RDBECOLITFC00128,RDBECOLITFC00110,COOPERATES_WITH
RDBECOLITFC00128,RDBECOLITFC00060,COOPERATES_WITH
RDBECOLITFC00178,RDBECOLITFC00003,COOPERATES_WITH
RDBECOLITFC00178,RDBECOLITFC00006,COOPERATES_WITH
RDBECOLITFC00178,RDBECOLITFC00050,COOPERATES_WITH
RDBECOLITFC00178,RDBECOLITFC00060,COOPERATES_WITH
RDBECOLITFC00222,RDBECOLITFC00032,COOPERATES_WITH
RDBECOLITFC00222,RDBECOLITFC00003,COOPERATES_WITH
RDBECOLITFC00222,RDBECOLITFC00006,COOPERATES_WITH
RDBECOLITFC00222,RDBECOLITFC00060,COOPERATES_WITH
RDBECOLITFC00032,RDBECOLITFC00003,COOPERATES_WITH
RDBECOLITFC00032,RDBECOLITFC00006,COOPERATES_WITH
RDBECOLITFC00032,RDBECOLITFC00110,COOPERATES_WITH
RDBECOLITFC00032,RDBECOLITFC00050,COOPERATES_WITH
RDBECOLITFC00032,RDBECOLITFC00060,COOPERATES_WITH
RDBECOLITFC00094,RDBECOLITFC00003,COOPERATES_WITH
RDBECOLITFC00094,RDBECOLITFC00006,COOPERATES_WITH
RDBECOLITFC00094,RDBECOLITFC00110,COOPERATES_WITH
RDBECOLITFC00094,RDBECOLITFC00060,COOPERATES_WITH
RDBECOLITFC00003,RDBECOLITFC00128,COOPERATES_WITH
RDBECOLITFC00003,RDBECOLITFC00006,COOPERATES_WITH
RDBECOLITFC00003,RDBECOLITFC00110,COOPERATES_WITH
RDBECOLITFC00003,RDBECOLITFC00060,COOPERATES_WITH
RDBECOLITFC00006,RDBECOLITFC00110,COOPERATES_WITH
RDBECOLITFC00006,RDBECOLITFC00050,COOPERATES_WITH
RDBECOLITFC00006,RDBECOLITFC00060,COOPERATES_WITH
RDBECOLITFC00006,RDBECOLITFC00094,COOPERATES_WITH
RDBECOLITFC00110,RDBECOLITFC00094,COOPERATES_WITH
RDBECOLITFC00110,RDBECOLITFC00006,COOPERATES_WITH
RDBECOLITFC00050,RDBECOLITFC00006,COOPERATES_WITH
RDBECOLITFC00060,RDBECOLITFC00094,COOPERATES_WITH
RDBECOLITFC00060,RDBECOLITFC00006,COOPERATES_WITH
RDBECOLITFC00201,RDBECOLITFC00201,COOPERATES_WITH
RDBECOLITFC00005,RDBECOLITFC00133,COOPERATES_WITH
RDBECOLITFC00114,RDBECOLITFC00218,COOPERATES_WITH
RDBECOLITFC00218,RDBECOLITFC00064,COOPERATES_WITH
RDBECOLITFC00218,RDBECOLITFC00086,COOPERATES_WITH
RDBECOLITFC00177,RDBECOLITFC00050,COOPERATES_WITH
RDBECOLITFC00177,RDBECOLITFC00144,COOPERATES_WITH
RDBECOLITFC00177,RDBECOLITFC00182,COOPERATES_WITH
RDBECOLITFC00177,RDBECOLITFC00138,COOPERATES_WITH
RDBECOLITFC00177,RDBECOLITFC00013,COOPERATES_WITH
RDBECOLITFC00177,RDBECOLITFC00140,COOPERATES_WITH
RDBECOLITFC00177,RDBECOLITFC00212,COOPERATES_WITH
RDBECOLITFC00177,RDBECOLITFC00173,COOPERATES_WITH
RDBECOLITFC00177,RDBECOLITFC00078,COOPERATES_WITH
RDBECOLITFC00177,RDBECOLITFC00192,COOPERATES_WITH
RDBECOLITFC00050,RDBECOLITFC00144,COOPERATES_WITH
RDBECOLITFC00050,RDBECOLITFC00182,COOPERATES_WITH
RDBECOLITFC00050,RDBECOLITFC00138,COOPERATES_WITH
RDBECOLITFC00050,RDBECOLITFC00178,COOPERATES_WITH
RDBECOLITFC00050,RDBECOLITFC00092,COOPERATES_WITH
RDBECOLITFC00050,RDBECOLITFC00240,COOPERATES_WITH
RDBECOLITFC00050,RDBECOLITFC00013,COOPERATES_WITH
RDBECOLITFC00050,RDBECOLITFC00043,COOPERATES_WITH
RDBECOLITFC00050,RDBECOLITFC00212,COOPERATES_WITH
RDBECOLITFC00050,RDBECOLITFC00173,COOPERATES_WITH
RDBECOLITFC00050,RDBECOLITFC00192,COOPERATES_WITH
RDBECOLITFC00144,RDBECOLITFC00182,COOPERATES_WITH
RDBECOLITFC00144,RDBECOLITFC00138,COOPERATES_WITH
RDBECOLITFC00144,RDBECOLITFC00178,COOPERATES_WITH
RDBECOLITFC00144,RDBECOLITFC00092,COOPERATES_WITH
RDBECOLITFC00144,RDBECOLITFC00240,COOPERATES_WITH
RDBECOLITFC00144,RDBECOLITFC00013,COOPERATES_WITH
RDBECOLITFC00144,RDBECOLITFC00140,COOPERATES_WITH
RDBECOLITFC00144,RDBECOLITFC00043,COOPERATES_WITH
RDBECOLITFC00144,RDBECOLITFC00212,COOPERATES_WITH
RDBECOLITFC00144,RDBECOLITFC00173,COOPERATES_WITH
RDBECOLITFC00144,RDBECOLITFC00078,COOPERATES_WITH
RDBECOLITFC00144,RDBECOLITFC00086,COOPERATES_WITH
RDBECOLITFC00144,RDBECOLITFC00192,COOPERATES_WITH
RDBECOLITFC00182,RDBECOLITFC00138,COOPERATES_WITH
RDBECOLITFC00182,RDBECOLITFC00178,COOPERATES_WITH
RDBECOLITFC00182,RDBECOLITFC00092,COOPERATES_WITH
RDBECOLITFC00182,RDBECOLITFC00240,COOPERATES_WITH
RDBECOLITFC00182,RDBECOLITFC00013,COOPERATES_WITH
RDBECOLITFC00182,RDBECOLITFC00140,COOPERATES_WITH
RDBECOLITFC00182,RDBECOLITFC00043,COOPERATES_WITH
RDBECOLITFC00182,RDBECOLITFC00173,COOPERATES_WITH
RDBECOLITFC00182,RDBECOLITFC00078,COOPERATES_WITH
RDBECOLITFC00182,RDBECOLITFC00086,COOPERATES_WITH
RDBECOLITFC00182,RDBECOLITFC00192,COOPERATES_WITH
RDBECOLITFC00138,RDBECOLITFC00178,COOPERATES_WITH
RDBECOLITFC00138,RDBECOLITFC00092,COOPERATES_WITH
RDBECOLITFC00138,RDBECOLITFC00240,COOPERATES_WITH
RDBECOLITFC00138,RDBECOLITFC00013,COOPERATES_WITH
RDBECOLITFC00138,RDBECOLITFC00140,COOPERATES_WITH
RDBECOLITFC00138,RDBECOLITFC00212,COOPERATES_WITH
RDBECOLITFC00138,RDBECOLITFC00173,COOPERATES_WITH
RDBECOLITFC00138,RDBECOLITFC00078,COOPERATES_WITH
RDBECOLITFC00138,RDBECOLITFC00086,COOPERATES_WITH
RDBECOLITFC00138,RDBECOLITFC00192,COOPERATES_WITH
RDBECOLITFC00178,RDBECOLITFC00092,COOPERATES_WITH
RDBECOLITFC00178,RDBECOLITFC00013,COOPERATES_WITH
RDBECOLITFC00178,RDBECOLITFC00173,COOPERATES_WITH
RDBECOLITFC00178,RDBECOLITFC00078,COOPERATES_WITH
RDBECOLITFC00178,RDBECOLITFC00192,COOPERATES_WITH
RDBECOLITFC00092,RDBECOLITFC00240,COOPERATES_WITH
RDBECOLITFC00092,RDBECOLITFC00013,COOPERATES_WITH
RDBECOLITFC00092,RDBECOLITFC00140,COOPERATES_WITH
RDBECOLITFC00092,RDBECOLITFC00043,COOPERATES_WITH
RDBECOLITFC00092,RDBECOLITFC00212,COOPERATES_WITH
RDBECOLITFC00092,RDBECOLITFC00173,COOPERATES_WITH
RDBECOLITFC00092,RDBECOLITFC00078,COOPERATES_WITH
RDBECOLITFC00092,RDBECOLITFC00192,COOPERATES_WITH
RDBECOLITFC00240,RDBECOLITFC00013,COOPERATES_WITH
RDBECOLITFC00240,RDBECOLITFC00140,COOPERATES_WITH
RDBECOLITFC00240,RDBECOLITFC00212,COOPERATES_WITH
RDBECOLITFC00240,RDBECOLITFC00173,COOPERATES_WITH
RDBECOLITFC00240,RDBECOLITFC00078,COOPERATES_WITH
RDBECOLITFC00240,RDBECOLITFC00086,COOPERATES_WITH
RDBECOLITFC00240,RDBECOLITFC00192,COOPERATES_WITH
RDBECOLITFC00013,RDBECOLITFC00140,COOPERATES_WITH
RDBECOLITFC00013,RDBECOLITFC00043,COOPERATES_WITH
RDBECOLITFC00013,RDBECOLITFC00212,COOPERATES_WITH
RDBECOLITFC00013,RDBECOLITFC00173,COOPERATES_WITH
RDBECOLITFC00013,RDBECOLITFC00078,COOPERATES_WITH
RDBECOLITFC00013,RDBECOLITFC00240,COOPERATES_WITH
RDBECOLITFC00013,RDBECOLITFC00086,COOPERATES_WITH
RDBECOLITFC00013,RDBECOLITFC00192,COOPERATES_WITH
RDBECOLITFC00140,RDBECOLITFC00212,COOPERATES_WITH
RDBECOLITFC00140,RDBECOLITFC00240,COOPERATES_WITH
RDBECOLITFC00140,RDBECOLITFC00192,COOPERATES_WITH
RDBECOLITFC00043,RDBECOLITFC00212,COOPERATES_WITH
RDBECOLITFC00043,RDBECOLITFC00173,COOPERATES_WITH
RDBECOLITFC00043,RDBECOLITFC00192,COOPERATES_WITH
RDBECOLITFC00212,RDBECOLITFC00173,COOPERATES_WITH
RDBECOLITFC00212,RDBECOLITFC00240,COOPERATES_WITH
RDBECOLITFC00212,RDBECOLITFC00192,COOPERATES_WITH
RDBECOLITFC00173,RDBECOLITFC00078,COOPERATES_WITH
RDBECOLITFC00173,RDBECOLITFC00240,COOPERATES_WITH
RDBECOLITFC00173,RDBECOLITFC00086,COOPERATES_WITH
RDBECOLITFC00173,RDBECOLITFC00192,COOPERATES_WITH
RDBECOLITFC00078,RDBECOLITFC00240,COOPERATES_WITH
RDBECOLITFC00078,RDBECOLITFC00192,COOPERATES_WITH
RDBECOLITFC00086,RDBECOLITFC00192,COOPERATES_WITH
RDBECOLITFC00084,RDBECOLITFC00133,COOPERATES_WITH
RDBECOLITFC00188,RDBECOLITFC00086,COOPERATES_WITH
RDBECOLITFC00006,RDBECOLITFC00032,COOPERATES_WITH
RDBECOLITFC00006,RDBECOLITFC00048,COOPERATES_WITH
RDBECOLITFC00006,RDBECOLITFC00222,COOPERATES_WITH
RDBECOLITFC00006,RDBECOLITFC00190,COOPERATES_WITH
RDBECOLITFC00006,RDBECOLITFC00160,COOPERATES_WITH
RDBECOLITFC00006,RDBECOLITFC00164,COOPERATES_WITH
RDBECOLITFC00006,RDBECOLITFC00133,COOPERATES_WITH
RDBECOLITFC00032,RDBECOLITFC00160,COOPERATES_WITH
RDBECOLITFC00032,RDBECOLITFC00164,COOPERATES_WITH
RDBECOLITFC00032,RDBECOLITFC00133,COOPERATES_WITH
RDBECOLITFC00094,RDBECOLITFC00164,COOPERATES_WITH
RDBECOLITFC00048,RDBECOLITFC00050,COOPERATES_WITH
RDBECOLITFC00048,RDBECOLITFC00032,COOPERATES_WITH
RDBECOLITFC00048,RDBECOLITFC00006,COOPERATES_WITH
RDBECOLITFC00048,RDBECOLITFC00164,COOPERATES_WITH
RDBECOLITFC00048,RDBECOLITFC00133,COOPERATES_WITH
RDBECOLITFC00222,RDBECOLITFC00160,COOPERATES_WITH
RDBECOLITFC00222,RDBECOLITFC00164,COOPERATES_WITH
RDBECOLITFC00222,RDBECOLITFC00133,COOPERATES_WITH
RDBECOLITFC00190,RDBECOLITFC00032,COOPERATES_WITH
RDBECOLITFC00190,RDBECOLITFC00006,COOPERATES_WITH
RDBECOLITFC00190,RDBECOLITFC00160,COOPERATES_WITH
RDBECOLITFC00190,RDBECOLITFC00164,COOPERATES_WITH
RDBECOLITFC00050,RDBECOLITFC00164,COOPERATES_WITH
RDBECOLITFC00050,RDBECOLITFC00133,COOPERATES_WITH
RDBECOLITFC00086,RDBECOLITFC00164,COOPERATES_WITH
RDBECOLITFC00160,RDBECOLITFC00094,COOPERATES_WITH
RDBECOLITFC00160,RDBECOLITFC00164,COOPERATES_WITH
RDBECOLITFC00164,RDBECOLITFC00133,COOPERATES_WITH
RDBECOLITFC00194,RDBECOLITFC00194,COOPERATES_WITH
RDBECOLITFC00050,RDBECOLITFC00134,COOPERATES_WITH
RDBECOLITFC00212,RDBECOLITFC00134,COOPERATES_WITH
RDBECOLITFC00083,RDBECOLITFC00222,COOPERATES_WITH
RDBECOLITFC00083,RDBECOLITFC00022,COOPERATES_WITH
RDBECOLITFC00083,RDBECOLITFC00086,COOPERATES_WITH
RDBECOLITFC00222,RDBECOLITFC00022,COOPERATES_WITH
RDBECOLITFC00022,RDBECOLITFC00086,COOPERATES_WITH
RDBECOLITFC00188,RDBECOLITFC00198,COOPERATES_WITH
RDBECOLITFC00125,RDBECOLITFC00125,COOPERATES_WITH
RDBECOLITFC00033,RDBECOLITFC00086,COOPERATES_WITH
RDBECOLITFC00087,RDBECOLITFC00035,COOPERATES_WITH
RDBECOLITFC00087,RDBECOLITFC00140,COOPERATES_WITH
RDBECOLITFC00035,RDBECOLITFC00140,COOPERATES_WITH
RDBECOLITFC00050,RDBECOLITFC00187,COOPERATES_WITH
RDBECOLITFC00160,RDBECOLITFC00187,COOPERATES_WITH
RDBECOLITFC00087,RDBECOLITFC00086,COOPERATES_WITH
RDBECOLITFC00035,RDBECOLITFC00086,COOPERATES_WITH
RDBECOLITFC00128,RDBECOLITFC00133,COOPERATES_WITH
RDBECOLITFC00003,RDBECOLITFC00133,COOPERATES_WITH
RDBECOLITFC00188,RDBECOLITFC00208,COOPERATES_WITH
RDBECOLITFC00086,RDBECOLITFC00208,COOPERATES_WITH
RDBECOLITFC00208,RDBECOLITFC00208,COOPERATES_WITH
RDBECOLITFC00115,RDBECOLITFC00160,COOPERATES_WITH
RDBECOLITFC00160,RDBECOLITFC00115,COOPERATES_WITH
RDBECOLITFC00086,RDBECOLITFC00115,COOPERATES_WITH
RDBECOLITFC00086,RDBECOLITFC00228,COOPERATES_WITH
RDBECOLITFC00208,RDBECOLITFC00228,COOPERATES_WITH
RDBECOLITFC00086,RDBECOLITFC00193,COOPERATES_WITH
RDBECOLITFC00140,RDBECOLITFC00193,COOPERATES_WITH
RDBECOLITFC00193,RDBECOLITFC00193,COOPERATES_WITH
RDBECOLITFC00232,RDBECOLITFC00232,COOPERATES_WITH
RDBECOLITFC00050,RDBECOLITFC00157,COOPERATES_WITH
RDBECOLITFC00050,RDBECOLITFC00029,COOPERATES_WITH
RDBECOLITFC00094,RDBECOLITFC00157,COOPERATES_WITH
RDBECOLITFC00094,RDBECOLITFC00029,COOPERATES_WITH
RDBECOLITFC00032,RDBECOLITFC00178,COOPERATES_WITH
RDBECOLITFC00032,RDBECOLITFC00157,COOPERATES_WITH
RDBECOLITFC00032,RDBECOLITFC00029,COOPERATES_WITH
RDBECOLITFC00178,RDBECOLITFC00157,COOPERATES_WITH
RDBECOLITFC00178,RDBECOLITFC00029,COOPERATES_WITH
RDBECOLITFC00157,RDBECOLITFC00128,COOPERATES_WITH
RDBECOLITFC00157,RDBECOLITFC00086,COOPERATES_WITH
RDBECOLITFC00157,RDBECOLITFC00032,COOPERATES_WITH
RDBECOLITFC00029,RDBECOLITFC00128,COOPERATES_WITH
RDBECOLITFC00029,RDBECOLITFC00086,COOPERATES_WITH
RDBECOLITFC00029,RDBECOLITFC00032,COOPERATES_WITH
RDBECOLITFC00029,RDBECOLITFC00094,COOPERATES_WITH
RDBECOLITFC00128,RDBECOLITFC00086,COOPERATES_WITH
RDBECOLITFC00086,RDBECOLITFC00032,COOPERATES_WITH
RDBECOLITFC00140,RDBECOLITFC00042,COOPERATES_WITH
RDBECOLITFC00094,RDBECOLITFC00194,COOPERATES_WITH
RDBECOLITFC00032,RDBECOLITFC00194,COOPERATES_WITH
RDBECOLITFC00222,RDBECOLITFC00194,COOPERATES_WITH
RDBECOLITFC00012,RDBECOLITFC00012,COOPERATES_WITH
RDBECOLITFC00086,RDBECOLITFC00134,COOPERATES_WITH
RDBECOLITFC00124,RDBECOLITFC00160,COOPERATES_WITH
RDBECOLITFC00124,RDBECOLITFC00070,COOPERATES_WITH
RDBECOLITFC00086,RDBECOLITFC00070,COOPERATES_WITH
RDBECOLITFC00213,RDBECOLITFC00213,COOPERATES_WITH
RDBECOLITFC00030,RDBECOLITFC00030,COOPERATES_WITH
RDBECOLITFC00030,RDBECOLITFC00140,COOPERATES_WITH
RDBECOLITFC00017,RDBECOLITFC00110,COOPERATES_WITH
RDBECOLITFC00144,RDBECOLITFC00050,COOPERATES_WITH
RDBECOLITFC00190,RDBECOLITFC00129,COOPERATES_WITH
RDBECOLITFC00086,RDBECOLITFC00197,COOPERATES_WITH
RDBECOLITFC00197,RDBECOLITFC00197,COOPERATES_WITH
RDBECOLITFC00092,RDBECOLITFC00149,COOPERATES_WITH
RDBECOLITFC00092,RDBECOLITFC00038,COOPERATES_WITH
RDBECOLITFC00140,RDBECOLITFC00149,COOPERATES_WITH
RDBECOLITFC00140,RDBECOLITFC00038,COOPERATES_WITH
RDBECOLITFC00149,RDBECOLITFC00160,COOPERATES_WITH
RDBECOLITFC00149,RDBECOLITFC00140,COOPERATES_WITH
RDBECOLITFC00149,RDBECOLITFC00038,COOPERATES_WITH
RDBECOLITFC00138,RDBECOLITFC00190,COOPERATES_WITH
RDBECOLITFC00054,RDBECOLITFC00152,COOPERATES_WITH
RDBECOLITFC00064,RDBECOLITFC00171,COOPERATES_WITH
RDBECOLITFC00114,RDBECOLITFC00171,COOPERATES_WITH
RDBECOLITFC00171,RDBECOLITFC00114,COOPERATES_WITH
RDBECOLITFC00171,RDBECOLITFC00064,COOPERATES_WITH
RDBECOLITFC00102,RDBECOLITFC00102,COOPERATES_WITH
RDBECOLITFC00102,RDBECOLITFC00134,COOPERATES_WITH
RDBECOLITFC00102,RDBECOLITFC00086,COOPERATES_WITH
RDBECOLITFC00102,RDBECOLITFC00014,COOPERATES_WITH
RDBECOLITFC00134,RDBECOLITFC00014,COOPERATES_WITH
RDBECOLITFC00086,RDBECOLITFC00014,COOPERATES_WITH
RDBECOLITFC00003,RDBECOLITFC00171,COOPERATES_WITH
RDBECOLITFC00003,RDBECOLITFC00070,COOPERATES_WITH
RDBECOLITFC00003,RDBECOLITFC00044,COOPERATES_WITH
RDBECOLITFC00003,RDBECOLITFC00035,COOPERATES_WITH
RDBECOLITFC00171,RDBECOLITFC00050,COOPERATES_WITH
RDBECOLITFC00171,RDBECOLITFC00222,COOPERATES_WITH
RDBECOLITFC00171,RDBECOLITFC00070,COOPERATES_WITH
RDBECOLITFC00171,RDBECOLITFC00044,COOPERATES_WITH
RDBECOLITFC00171,RDBECOLITFC00035,COOPERATES_WITH
RDBECOLITFC00171,RDBECOLITFC00029,COOPERATES_WITH
RDBECOLITFC00050,RDBECOLITFC00222,COOPERATES_WITH
RDBECOLITFC00050,RDBECOLITFC00070,COOPERATES_WITH
RDBECOLITFC00050,RDBECOLITFC00044,COOPERATES_WITH
RDBECOLITFC00050,RDBECOLITFC00035,COOPERATES_WITH
RDBECOLITFC00222,RDBECOLITFC00070,COOPERATES_WITH
RDBECOLITFC00222,RDBECOLITFC00044,COOPERATES_WITH
RDBECOLITFC00222,RDBECOLITFC00035,COOPERATES_WITH
RDBECOLITFC00070,RDBECOLITFC00035,COOPERATES_WITH
RDBECOLITFC00070,RDBECOLITFC00029,COOPERATES_WITH
RDBECOLITFC00044,RDBECOLITFC00035,COOPERATES_WITH
RDBECOLITFC00044,RDBECOLITFC00029,COOPERATES_WITH
RDBECOLITFC00035,RDBECOLITFC00029,COOPERATES_WITH
RDBECOLITFC00029,RDBECOLITFC00029,COOPERATES_WITH
RDBECOLITFC00138,RDBECOLITFC00132,COOPERATES_WITH
RDBECOLITFC00138,RDBECOLITFC00095,COOPERATES_WITH
RDBECOLITFC00138,RDBECOLITFC00003,COOPERATES_WITH
RDBECOLITFC00132,RDBECOLITFC00095,COOPERATES_WITH
RDBECOLITFC00132,RDBECOLITFC00003,COOPERATES_WITH
RDBECOLITFC00095,RDBECOLITFC00003,COOPERATES_WITH
RDBECOLITFC00003,RDBECOLITFC00221,COOPERATES_WITH
RDBECOLITFC00183,RDBECOLITFC00003,COOPERATES_WITH
RDBECOLITFC00024,RDBECOLITFC00148,COOPERATES_WITH
RDBECOLITFC00086,RDBECOLITFC00092,COOPERATES_WITH
RDBECOLITFC00163,RDBECOLITFC00188,COOPERATES_WITH
RDBECOLITFC00163,RDBECOLITFC00163,COOPERATES_WITH
RDBECOLITFC00163,RDBECOLITFC00045,COOPERATES_WITH
RDBECOLITFC00188,RDBECOLITFC00163,COOPERATES_WITH
RDBECOLITFC00188,RDBECOLITFC00045,COOPERATES_WITH
RDBECOLITFC00039,RDBECOLITFC00129,COOPERATES_WITH
RDBECOLITFC00129,RDBECOLITFC00095,COOPERATES_WITH
RDBECOLITFC00129,RDBECOLITFC00198,COOPERATES_WITH
RDBECOLITFC00095,RDBECOLITFC00198,COOPERATES_WITH
RDBECOLITFC00086,RDBECOLITFC00126,COOPERATES_WITH
RDBECOLITFC00005,RDBECOLITFC00066,COOPERATES_WITH
RDBECOLITFC00066,RDBECOLITFC00066,COOPERATES_WITH
RDBECOLITFC00066,RDBECOLITFC00140,COOPERATES_WITH
RDBECOLITFC00086,RDBECOLITFC00112,COOPERATES_WITH
RDBECOLITFC00078,RDBECOLITFC00004,COOPERATES_WITH
RDBECOLITFC00004,RDBECOLITFC00004,COOPERATES_WITH
RDBECOLITFC00094,RDBECOLITFC00078,COOPERATES_WITH
RDBECOLITFC00009,RDBECOLITFC00086,COOPERATES_WITH
RDBECOLITFC00050,RDBECOLITFC00103,COOPERATES_WITH
RDBECOLITFC00126,RDBECOLITFC00102,COOPERATES_WITH
RDBECOLITFC00126,RDBECOLITFC00086,COOPERATES_WITH
RDBECOLITFC00104,RDBECOLITFC00180,COOPERATES_WITH
RDBECOLITFC00164,RDBECOLITFC00050,COOPERATES_WITH
RDBECOLITFC00164,RDBECOLITFC00128,COOPERATES_WITH
RDBECOLITFC00129,RDBECOLITFC00188,COOPERATES_WITH
RDBECOLITFC00039,RDBECOLITFC00160,COOPERATES_WITH
RDBECOLITFC00086,RDBECOLITFC00008,COOPERATES_WITH
RDBECOLITFC00192,RDBECOLITFC00192,COOPERATES_WITH
RDBECOLITFC00180,RDBECOLITFC00087,COOPERATES_WITH
RDBECOLITFC00021,RDBECOLITFC00086,COOPERATES_WITH
RDBECOLITFC00021,RDBECOLITFC00005,COOPERATES_WITH
RDBECOLITFC00086,RDBECOLITFC00021,COOPERATES_WITH
RDBECOLITFC00086,RDBECOLITFC00005,COOPERATES_WITH
RDBECOLITFC00160,RDBECOLITFC00095,COOPERATES_WITH
RDBECOLITFC00133,RDBECOLITFC00129,COOPERATES_WITH
RDBECOLITFC00070,RDBECOLITFC00129,COOPERATES_WITH
RDBECOLITFC00070,RDBECOLITFC00095,COOPERATES_WITH
RDBECOLITFC00095,RDBECOLITFC00160,COOPERATES_WITH
RDBECOLITFC00164,RDBECOLITFC00126,COOPERATES_WITH
RDBECOLITFC00221,RDBECOLITFC00074,COOPERATES_WITH
RDBECOLITFC00153,RDBECOLITFC00054,COOPERATES_WITH
RDBECOLITFC00092,RDBECOLITFC00075,COOPERATES_WITH
RDBECOLITFC00092,RDBECOLITFC00133,COOPERATES_WITH
RDBECOLITFC00140,RDBECOLITFC00075,COOPERATES_WITH
RDBECOLITFC00075,RDBECOLITFC00075,COOPERATES_WITH
RDBECOLITFC00075,RDBECOLITFC00086,COOPERATES_WITH
RDBECOLITFC00075,RDBECOLITFC00133,COOPERATES_WITH
RDBECOLITFC00086,RDBECOLITFC00075,COOPERATES_WITH
RDBECOLITFC00127,RDBECOLITFC00220,COOPERATES_WITH
RDBECOLITFC00127,RDBECOLITFC00086,COOPERATES_WITH
RDBECOLITFC00087,RDBECOLITFC00009,COOPERATES_WITH
RDBECOLITFC00132,RDBECOLITFC00030,COOPERATES_WITH
RDBECOLITFC00043,RDBECOLITFC00030,COOPERATES_WITH
RDBECOLITFC00116,RDBECOLITFC00030,COOPERATES_WITH
RDBECOLITFC00030,RDBECOLITFC00116,COOPERATES_WITH
RDBECOLITFC00092,RDBECOLITFC00030,COOPERATES_WITH
RDBECOLITFC00058,RDBECOLITFC00058,COOPERATES_WITH
RDBECOLITFC00012,RDBECOLITFC00190,COOPERATES_WITH
RDBECOLITFC00012,RDBECOLITFC00189,COOPERATES_WITH
RDBECOLITFC00012,RDBECOLITFC00058,COOPERATES_WITH
RDBECOLITFC00190,RDBECOLITFC00189,COOPERATES_WITH
RDBECOLITFC00190,RDBECOLITFC00012,COOPERATES_WITH
RDBECOLITFC00190,RDBECOLITFC00058,COOPERATES_WITH
RDBECOLITFC00086,RDBECOLITFC00189,COOPERATES_WITH
RDBECOLITFC00086,RDBECOLITFC00058,COOPERATES_WITH
RDBECOLITFC00189,RDBECOLITFC00012,COOPERATES_WITH
RDBECOLITFC00189,RDBECOLITFC00058,COOPERATES_WITH
RDBECOLITFC00189,RDBECOLITFC00086,COOPERATES_WITH
RDBECOLITFC00058,RDBECOLITFC00012,COOPERATES_WITH
RDBECOLITFC00058,RDBECOLITFC00086,COOPERATES_WITH
RDBECOLITFC00138,RDBECOLITFC00160,COOPERATES_WITH
RDBECOLITFC00138,RDBECOLITFC00218,COOPERATES_WITH
RDBECOLITFC00138,RDBECOLITFC00090,COOPERATES_WITH
RDBECOLITFC00138,RDBECOLITFC00133,COOPERATES_WITH
RDBECOLITFC00160,RDBECOLITFC00090,COOPERATES_WITH
RDBECOLITFC00086,RDBECOLITFC00218,COOPERATES_WITH
RDBECOLITFC00086,RDBECOLITFC00090,COOPERATES_WITH
RDBECOLITFC00218,RDBECOLITFC00090,COOPERATES_WITH
RDBECOLITFC00218,RDBECOLITFC00133,COOPERATES_WITH
RDBECOLITFC00218,RDBECOLITFC00190,COOPERATES_WITH
RDBECOLITFC00090,RDBECOLITFC00090,COOPERATES_WITH
RDBECOLITFC00090,RDBECOLITFC00133,COOPERATES_WITH
RDBECOLITFC00090,RDBECOLITFC00190,COOPERATES_WITH
RDBECOLITFC00160,RDBECOLITFC00188,COOPERATES_WITH
RDBECOLITFC00060,RDBECOLITFC00086,COOPERATES_WITH
RDBECOLITFC00060,RDBECOLITFC00223,COOPERATES_WITH
RDBECOLITFC00086,RDBECOLITFC00223,COOPERATES_WITH
RDBECOLITFC00050,RDBECOLITFC00223,COOPERATES_WITH
RDBECOLITFC00223,RDBECOLITFC00223,COOPERATES_WITH
RDBECOLITFC00223,RDBECOLITFC00086,COOPERATES_WITH
RDBECOLITFC00210,RDBECOLITFC00050,COOPERATES_WITH
RDBECOLITFC00210,RDBECOLITFC00061,COOPERATES_WITH
RDBECOLITFC00210,RDBECOLITFC00232,COOPERATES_WITH
RDBECOLITFC00210,RDBECOLITFC00086,COOPERATES_WITH
RDBECOLITFC00210,RDBECOLITFC00190,COOPERATES_WITH
RDBECOLITFC00050,RDBECOLITFC00232,COOPERATES_WITH
RDBECOLITFC00061,RDBECOLITFC00232,COOPERATES_WITH
RDBECOLITFC00061,RDBECOLITFC00086,COOPERATES_WITH
RDBECOLITFC00232,RDBECOLITFC00086,COOPERATES_WITH
RDBECOLITFC00232,RDBECOLITFC00190,COOPERATES_WITH
RDBECOLITFC00086,RDBECOLITFC00232,COOPERATES_WITH
RDBECOLITFC00160,RDBECOLITFC00232,COOPERATES_WITH
RDBECOLITFC00195,RDBECOLITFC00086,COOPERATES_WITH
RDBECOLITFC00195,RDBECOLITFC00195,COOPERATES_WITH
RDBECOLITFC00086,RDBECOLITFC00195,COOPERATES_WITH
RDBECOLITFC00163,RDBECOLITFC00129,COOPERATES_WITH
RDBECOLITFC00070,RDBECOLITFC00212,COOPERATES_WITH
RDBECOLITFC00160,RDBECOLITFC00212,COOPERATES_WITH
RDBECOLITFC00212,RDBECOLITFC00190,COOPERATES_WITH
RDBECOLITFC00044,RDBECOLITFC00086,COOPERATES_WITH
RDBECOLITFC00044,RDBECOLITFC00190,COOPERATES_WITH
RDBECOLITFC00044,RDBECOLITFC00050,COOPERATES_WITH
RDBECOLITFC00044,RDBECOLITFC00092,COOPERATES_WITH
RDBECOLITFC00070,RDBECOLITFC00050,COOPERATES_WITH
RDBECOLITFC00070,RDBECOLITFC00092,COOPERATES_WITH
RDBECOLITFC00160,RDBECOLITFC00092,COOPERATES_WITH
RDBECOLITFC00190,RDBECOLITFC00092,COOPERATES_WITH
RDBECOLITFC00140,RDBECOLITFC00092,COOPERATES_WITH
RDBECOLITFC00152,RDBECOLITFC00017,COOPERATES_WITH
RDBECOLITFC00152,RDBECOLITFC00050,COOPERATES_WITH
RDBECOLITFC00152,RDBECOLITFC00187,COOPERATES_WITH
RDBECOLITFC00152,RDBECOLITFC00190,COOPERATES_WITH
RDBECOLITFC00152,RDBECOLITFC00086,COOPERATES_WITH
RDBECOLITFC00017,RDBECOLITFC00050,COOPERATES_WITH
RDBECOLITFC00017,RDBECOLITFC00187,COOPERATES_WITH
RDBECOLITFC00017,RDBECOLITFC00190,COOPERATES_WITH
RDBECOLITFC00017,RDBECOLITFC00152,COOPERATES_WITH
RDBECOLITFC00050,RDBECOLITFC00017,COOPERATES_WITH
RDBECOLITFC00050,RDBECOLITFC00152,COOPERATES_WITH
RDBECOLITFC00187,RDBECOLITFC00190,COOPERATES_WITH
RDBECOLITFC00187,RDBECOLITFC00086,COOPERATES_WITH
RDBECOLITFC00187,RDBECOLITFC00017,COOPERATES_WITH
RDBECOLITFC00187,RDBECOLITFC00152,COOPERATES_WITH
RDBECOLITFC00190,RDBECOLITFC00017,COOPERATES_WITH
RDBECOLITFC00190,RDBECOLITFC00152,COOPERATES_WITH
RDBECOLITFC00190,RDBECOLITFC00187,COOPERATES_WITH
RDBECOLITFC00086,RDBECOLITFC00017,COOPERATES_WITH
RDBECOLITFC00086,RDBECOLITFC00152,COOPERATES_WITH
RDBECOLITFC00086,RDBECOLITFC00187,COOPERATES_WITH
RDBECOLITFC00199,RDBECOLITFC00043,COOPERATES_WITH
RDBECOLITFC00199,RDBECOLITFC00078,COOPERATES_WITH
RDBECOLITFC00199,RDBECOLITFC00242,COOPERATES_WITH
RDBECOLITFC00199,RDBECOLITFC00110,COOPERATES_WITH
RDBECOLITFC00199,RDBECOLITFC00140,COOPERATES_WITH
RDBECOLITFC00043,RDBECOLITFC00110,COOPERATES_WITH
RDBECOLITFC00242,RDBECOLITFC00110,COOPERATES_WITH
RDBECOLITFC00242,RDBECOLITFC00140,COOPERATES_WITH
RDBECOLITFC00129,RDBECOLITFC00242,COOPERATES_WITH
RDBECOLITFC00129,RDBECOLITFC00078,COOPERATES_WITH
RDBECOLITFC00129,RDBECOLITFC00043,COOPERATES_WITH
RDBECOLITFC00129,RDBECOLITFC00212,COOPERATES_WITH
RDBECOLITFC00086,RDBECOLITFC00242,COOPERATES_WITH
RDBECOLITFC00086,RDBECOLITFC00078,COOPERATES_WITH
RDBECOLITFC00086,RDBECOLITFC00043,COOPERATES_WITH
RDBECOLITFC00086,RDBECOLITFC00212,COOPERATES_WITH
RDBECOLITFC00242,RDBECOLITFC00078,COOPERATES_WITH
RDBECOLITFC00242,RDBECOLITFC00043,COOPERATES_WITH
RDBECOLITFC00242,RDBECOLITFC00212,COOPERATES_WITH
RDBECOLITFC00078,RDBECOLITFC00212,COOPERATES_WITH
RDBECOLITFC00135,RDBECOLITFC00134,COOPERATES_WITH
RDBECOLITFC00088,RDBECOLITFC00003,COOPERATES_WITH
RDBECOLITFC00088,RDBECOLITFC00150,COOPERATES_WITH
RDBECOLITFC00003,RDBECOLITFC00150,COOPERATES_WITH
RDBECOLITFC00160,RDBECOLITFC00150,COOPERATES_WITH
RDBECOLITFC00129,RDBECOLITFC00150,COOPERATES_WITH
RDBECOLITFC00150,RDBECOLITFC00150,COOPERATES_WITH
RDBECOLITFC00150,RDBECOLITFC00190,COOPERATES_WITH
RDBECOLITFC00086,RDBECOLITFC00122,COOPERATES_WITH
RDBECOLITFC00129,RDBECOLITFC00132,COOPERATES_WITH
RDBECOLITFC00129,RDBECOLITFC00060,COOPERATES_WITH
RDBECOLITFC00129,RDBECOLITFC00126,COOPERATES_WITH
RDBECOLITFC00132,RDBECOLITFC00086,COOPERATES_WITH
RDBECOLITFC00132,RDBECOLITFC00060,COOPERATES_WITH
RDBECOLITFC00132,RDBECOLITFC00126,COOPERATES_WITH
RDBECOLITFC00132,RDBECOLITFC00133,COOPERATES_WITH
RDBECOLITFC00132,RDBECOLITFC00160,COOPERATES_WITH
RDBECOLITFC00132,RDBECOLITFC00129,COOPERATES_WITH
RDBECOLITFC00132,RDBECOLITFC00140,COOPERATES_WITH
RDBECOLITFC00086,RDBECOLITFC00060,COOPERATES_WITH
RDBECOLITFC00060,RDBECOLITFC00133,COOPERATES_WITH
RDBECOLITFC00060,RDBECOLITFC00160,COOPERATES_WITH
RDBECOLITFC00060,RDBECOLITFC00129,COOPERATES_WITH
RDBECOLITFC00126,RDBECOLITFC00133,COOPERATES_WITH
RDBECOLITFC00126,RDBECOLITFC00160,COOPERATES_WITH
RDBECOLITFC00126,RDBECOLITFC00129,COOPERATES_WITH
RDBECOLITFC00095,RDBECOLITFC00133,COOPERATES_WITH
RDBECOLITFC00095,RDBECOLITFC00129,COOPERATES_WITH
RDBECOLITFC00133,RDBECOLITFC00054,COOPERATES_WITH
RDBECOLITFC00182,RDBECOLITFC00054,COOPERATES_WITH
RDBECOLITFC00136,RDBECOLITFC00030,COOPERATES_WITH
RDBECOLITFC00003,RDBECOLITFC00038,COOPERATES_WITH
RDBECOLITFC00126,RDBECOLITFC00003,COOPERATES_WITH
RDBECOLITFC00126,RDBECOLITFC00076,COOPERATES_WITH
RDBECOLITFC00003,RDBECOLITFC00076,COOPERATES_WITH
RDBECOLITFC00003,RDBECOLITFC00078,COOPERATES_WITH
RDBECOLITFC00003,RDBECOLITFC00086,COOPERATES_WITH
RDBECOLITFC00133,RDBECOLITFC00078,COOPERATES_WITH
RDBECOLITFC00076,RDBECOLITFC00078,COOPERATES_WITH
RDBECOLITFC00012,RDBECOLITFC00152,COOPERATES_WITH
RDBECOLITFC00152,RDBECOLITFC00012,COOPERATES_WITH
RDBECOLITFC00030,RDBECOLITFC00121,COOPERATES_WITH
RDBECOLITFC00121,RDBECOLITFC00030,COOPERATES_WITH
RDBECOLITFC00140,RDBECOLITFC00030,COOPERATES_WITH
RDBECOLITFC00110,RDBECOLITFC00023,COOPERATES_WITH
RDBECOLITFC00121,RDBECOLITFC00116,COOPERATES_WITH
RDBECOLITFC00140,RDBECOLITFC00116,COOPERATES_WITH
RDBECOLITFC00128,RDBECOLITFC00150,COOPERATES_WITH
RDBECOLITFC00150,RDBECOLITFC00060,COOPERATES_WITH
RDBECOLITFC00201,RDBECOLITFC00110,COOPERATES_WITH
RDBECOLITFC00164,RDBECOLITFC00094,COOPERATES_WITH
RDBECOLITFC00164,RDBECOLITFC00032,COOPERATES_WITH
RDBECOLITFC00164,RDBECOLITFC00157,COOPERATES_WITH
RDBECOLITFC00164,RDBECOLITFC00060,COOPERATES_WITH
RDBECOLITFC00157,RDBECOLITFC00060,COOPERATES_WITH
RDBECOLITFC00207,RDBECOLITFC00133,COOPERATES_WITH
RDBECOLITFC00207,RDBECOLITFC00050,COOPERATES_WITH
RDBECOLITFC00207,RDBECOLITFC00160,COOPERATES_WITH
RDBECOLITFC00092,RDBECOLITFC00108,COOPERATES_WITH
RDBECOLITFC00092,RDBECOLITFC00118,COOPERATES_WITH
RDBECOLITFC00092,RDBECOLITFC00128,COOPERATES_WITH
RDBECOLITFC00108,RDBECOLITFC00190,COOPERATES_WITH
RDBECOLITFC00108,RDBECOLITFC00086,COOPERATES_WITH
RDBECOLITFC00108,RDBECOLITFC00128,COOPERATES_WITH
RDBECOLITFC00108,RDBECOLITFC00129,COOPERATES_WITH
RDBECOLITFC00108,RDBECOLITFC00133,COOPERATES_WITH
RDBECOLITFC00108,RDBECOLITFC00160,COOPERATES_WITH
RDBECOLITFC00108,RDBECOLITFC00221,COOPERATES_WITH
RDBECOLITFC00118,RDBECOLITFC00190,COOPERATES_WITH
RDBECOLITFC00118,RDBECOLITFC00086,COOPERATES_WITH
RDBECOLITFC00118,RDBECOLITFC00128,COOPERATES_WITH
RDBECOLITFC00118,RDBECOLITFC00129,COOPERATES_WITH
RDBECOLITFC00118,RDBECOLITFC00133,COOPERATES_WITH
RDBECOLITFC00118,RDBECOLITFC00160,COOPERATES_WITH
RDBECOLITFC00118,RDBECOLITFC00221,COOPERATES_WITH
RDBECOLITFC00190,RDBECOLITFC00221,COOPERATES_WITH
RDBECOLITFC00128,RDBECOLITFC00129,COOPERATES_WITH
RDBECOLITFC00128,RDBECOLITFC00221,COOPERATES_WITH
RDBECOLITFC00160,RDBECOLITFC00132,COOPERATES_WITH
RDBECOLITFC00160,RDBECOLITFC00060,COOPERATES_WITH
RDBECOLITFC00086,RDBECOLITFC00132,COOPERATES_WITH
RDBECOLITFC00103,RDBECOLITFC00177,COOPERATES_WITH
RDBECOLITFC00103,RDBECOLITFC00218,COOPERATES_WITH
RDBECOLITFC00177,RDBECOLITFC00218,COOPERATES_WITH
RDBECOLITFC00177,RDBECOLITFC00133,COOPERATES_WITH
RDBECOLITFC00043,RDBECOLITFC00009,COOPERATES_WITH
RDBECOLITFC00140,RDBECOLITFC00131,COOPERATES_WITH
RDBECOLITFC00140,RDBECOLITFC00150,COOPERATES_WITH
RDBECOLITFC00140,RDBECOLITFC00081,COOPERATES_WITH
RDBECOLITFC00131,RDBECOLITFC00150,COOPERATES_WITH
RDBECOLITFC00131,RDBECOLITFC00131,COOPERATES_WITH
RDBECOLITFC00131,RDBECOLITFC00140,COOPERATES_WITH
RDBECOLITFC00131,RDBECOLITFC00081,COOPERATES_WITH
RDBECOLITFC00131,RDBECOLITFC00190,COOPERATES_WITH
RDBECOLITFC00150,RDBECOLITFC00131,COOPERATES_WITH
RDBECOLITFC00150,RDBECOLITFC00140,COOPERATES_WITH
RDBECOLITFC00150,RDBECOLITFC00081,COOPERATES_WITH
RDBECOLITFC00081,RDBECOLITFC00190,COOPERATES_WITH
RDBECOLITFC00009,RDBECOLITFC00003,COOPERATES_WITH
RDBECOLITFC00003,RDBECOLITFC00009,COOPERATES_WITH
RDBECOLITFC00174,RDBECOLITFC00174,COOPERATES_WITH
RDBECOLITFC00174,RDBECOLITFC00140,COOPERATES_WITH
RDBECOLITFC00092,RDBECOLITFC00209,COOPERATES_WITH
RDBECOLITFC00133,RDBECOLITFC00209,COOPERATES_WITH
RDBECOLITFC00209,RDBECOLITFC00133,COOPERATES_WITH
RDBECOLITFC00013,RDBECOLITFC00050,COOPERATES_WITH
RDBECOLITFC00013,RDBECOLITFC00160,COOPERATES_WITH
RDBECOLITFC00013,RDBECOLITFC00063,COOPERATES_WITH
RDBECOLITFC00013,RDBECOLITFC00180,COOPERATES_WITH
RDBECOLITFC00050,RDBECOLITFC00063,COOPERATES_WITH
RDBECOLITFC00078,RDBECOLITFC00160,COOPERATES_WITH
RDBECOLITFC00078,RDBECOLITFC00063,COOPERATES_WITH
RDBECOLITFC00078,RDBECOLITFC00180,COOPERATES_WITH
RDBECOLITFC00160,RDBECOLITFC00063,COOPERATES_WITH
RDBECOLITFC00160,RDBECOLITFC00180,COOPERATES_WITH
RDBECOLITFC00063,RDBECOLITFC00180,COOPERATES_WITH
RDBECOLITFC00160,RDBECOLITFC00028,COOPERATES_WITH
RDBECOLITFC00160,RDBECOLITFC00179,COOPERATES_WITH
RDBECOLITFC00086,RDBECOLITFC00028,COOPERATES_WITH
RDBECOLITFC00086,RDBECOLITFC00179,COOPERATES_WITH
RDBECOLITFC00140,RDBECOLITFC00028,COOPERATES_WITH
RDBECOLITFC00140,RDBECOLITFC00179,COOPERATES_WITH
RDBECOLITFC00028,RDBECOLITFC00179,COOPERATES_WITH
RDBECOLITFC00086,RDBECOLITFC00145,COOPERATES_WITH
RDBECOLITFC00024,RDBECOLITFC00086,COOPERATES_WITH
RDBECOLITFC00024,RDBECOLITFC00167,COOPERATES_WITH
RDBECOLITFC00086,RDBECOLITFC00167,COOPERATES_WITH
RDBECOLITFC00035,RDBECOLITFC00159,COOPERATES_WITH
RDBECOLITFC00159,RDBECOLITFC00086,COOPERATES_WITH
RDBECOLITFC00159,RDBECOLITFC00159,COOPERATES_WITH
RDBECOLITFC00086,RDBECOLITFC00159,COOPERATES_WITH
RDBECOLITFC00086,RDBECOLITFC00109,COOPERATES_WITH
RDBECOLITFC00086,RDBECOLITFC00200,COOPERATES_WITH
RDBECOLITFC00086,RDBECOLITFC00089,COOPERATES_WITH
RDBECOLITFC00200,RDBECOLITFC00089,COOPERATES_WITH
RDBECOLITFC00200,RDBECOLITFC00050,COOPERATES_WITH
RDBECOLITFC00089,RDBECOLITFC00050,COOPERATES_WITH
RDBECOLITFC00167,RDBECOLITFC00086,COOPERATES_WITH
RDBECOLITFC00167,RDBECOLITFC00167,COOPERATES_WITH
RDBECOLITFC00015,RDBECOLITFC00178,COOPERATES_WITH
RDBECOLITFC00015,RDBECOLITFC00199,COOPERATES_WITH
RDBECOLITFC00015,RDBECOLITFC00154,COOPERATES_WITH
RDBECOLITFC00015,RDBECOLITFC00085,COOPERATES_WITH
RDBECOLITFC00015,RDBECOLITFC00086,COOPERATES_WITH
RDBECOLITFC00015,RDBECOLITFC00140,COOPERATES_WITH
RDBECOLITFC00015,RDBECOLITFC00129,COOPERATES_WITH
RDBECOLITFC00015,RDBECOLITFC00173,COOPERATES_WITH
RDBECOLITFC00015,RDBECOLITFC00077,COOPERATES_WITH
RDBECOLITFC00015,RDBECOLITFC00230,COOPERATES_WITH
RDBECOLITFC00015,RDBECOLITFC00078,COOPERATES_WITH
RDBECOLITFC00178,RDBECOLITFC00199,COOPERATES_WITH
RDBECOLITFC00178,RDBECOLITFC00154,COOPERATES_WITH
RDBECOLITFC00178,RDBECOLITFC00085,COOPERATES_WITH
RDBECOLITFC00178,RDBECOLITFC00129,COOPERATES_WITH
RDBECOLITFC00178,RDBECOLITFC00077,COOPERATES_WITH
RDBECOLITFC00178,RDBECOLITFC00230,COOPERATES_WITH
RDBECOLITFC00199,RDBECOLITFC00154,COOPERATES_WITH
RDBECOLITFC00199,RDBECOLITFC00085,COOPERATES_WITH
RDBECOLITFC00199,RDBECOLITFC00086,COOPERATES_WITH
RDBECOLITFC00199,RDBECOLITFC00050,COOPERATES_WITH
RDBECOLITFC00199,RDBECOLITFC00129,COOPERATES_WITH
RDBECOLITFC00199,RDBECOLITFC00173,COOPERATES_WITH
RDBECOLITFC00199,RDBECOLITFC00077,COOPERATES_WITH
RDBECOLITFC00199,RDBECOLITFC00230,COOPERATES_WITH
RDBECOLITFC00154,RDBECOLITFC00085,COOPERATES_WITH
RDBECOLITFC00154,RDBECOLITFC00086,COOPERATES_WITH
RDBECOLITFC00154,RDBECOLITFC00129,COOPERATES_WITH
RDBECOLITFC00154,RDBECOLITFC00173,COOPERATES_WITH
RDBECOLITFC00154,RDBECOLITFC00077,COOPERATES_WITH
RDBECOLITFC00154,RDBECOLITFC00230,COOPERATES_WITH
RDBECOLITFC00085,RDBECOLITFC00050,COOPERATES_WITH
RDBECOLITFC00085,RDBECOLITFC00140,COOPERATES_WITH
RDBECOLITFC00085,RDBECOLITFC00129,COOPERATES_WITH
RDBECOLITFC00085,RDBECOLITFC00173,COOPERATES_WITH
RDBECOLITFC00085,RDBECOLITFC00077,COOPERATES_WITH
RDBECOLITFC00085,RDBECOLITFC00230,COOPERATES_WITH
RDBECOLITFC00085,RDBECOLITFC00078,COOPERATES_WITH
RDBECOLITFC00086,RDBECOLITFC00173,COOPERATES_WITH
RDBECOLITFC00086,RDBECOLITFC00077,COOPERATES_WITH
RDBECOLITFC00086,RDBECOLITFC00230,COOPERATES_WITH
RDBECOLITFC00050,RDBECOLITFC00129,COOPERATES_WITH
RDBECOLITFC00050,RDBECOLITFC00077,COOPERATES_WITH
RDBECOLITFC00050,RDBECOLITFC00230,COOPERATES_WITH
RDBECOLITFC00140,RDBECOLITFC00077,COOPERATES_WITH
RDBECOLITFC00140,RDBECOLITFC00230,COOPERATES_WITH
RDBECOLITFC00129,RDBECOLITFC00173,COOPERATES_WITH
RDBECOLITFC00129,RDBECOLITFC00230,COOPERATES_WITH
RDBECOLITFC00173,RDBECOLITFC00077,COOPERATES_WITH
RDBECOLITFC00173,RDBECOLITFC00230,COOPERATES_WITH
RDBECOLITFC00077,RDBECOLITFC00230,COOPERATES_WITH
RDBECOLITFC00077,RDBECOLITFC00078,COOPERATES_WITH
RDBECOLITFC00230,RDBECOLITFC00078,COOPERATES_WITH
RDBECOLITFC00003,RDBECOLITFC00232,COOPERATES_WITH
RDBECOLITFC00094,RDBECOLITFC00040,COOPERATES_WITH
RDBECOLITFC00190,RDBECOLITFC00040,COOPERATES_WITH
RDBECOLITFC00040,RDBECOLITFC00050,COOPERATES_WITH
RDBECOLITFC00086,RDBECOLITFC00040,COOPERATES_WITH
RDBECOLITFC00040,RDBECOLITFC00040,COOPERATES_WITH
RDBECOLITFC00040,RDBECOLITFC00190,COOPERATES_WITH
RDBECOLITFC00086,RDBECOLITFC00124,COOPERATES_WITH
RDBECOLITFC00124,RDBECOLITFC00092,COOPERATES_WITH
RDBECOLITFC00038,RDBECOLITFC00050,COOPERATES_WITH
RDBECOLITFC00104,RDBECOLITFC00012,COOPERATES_WITH
RDBECOLITFC00086,RDBECOLITFC00243,COOPERATES_WITH
RDBECOLITFC00005,RDBECOLITFC00243,COOPERATES_WITH
RDBECOLITFC00115,RDBECOLITFC00103,COOPERATES_WITH
RDBECOLITFC00103,RDBECOLITFC00115,COOPERATES_WITH
RDBECOLITFC00207,RDBECOLITFC00221,COOPERATES_WITH
RDBECOLITFC00207,RDBECOLITFC00086,COOPERATES_WITH
RDBECOLITFC00207,RDBECOLITFC00129,COOPERATES_WITH
RDBECOLITFC00221,RDBECOLITFC00129,COOPERATES_WITH
RDBECOLITFC00066,RDBECOLITFC00044,COOPERATES_WITH
RDBECOLITFC00066,RDBECOLITFC00160,COOPERATES_WITH
RDBECOLITFC00066,RDBECOLITFC00070,COOPERATES_WITH
RDBECOLITFC00044,RDBECOLITFC00066,COOPERATES_WITH
RDBECOLITFC00160,RDBECOLITFC00066,COOPERATES_WITH
RDBECOLITFC00005,RDBECOLITFC00189,COOPERATES_WITH
RDBECOLITFC00066,RDBECOLITFC00189,COOPERATES_WITH
RDBECOLITFC00189,RDBECOLITFC00066,COOPERATES_WITH
RDBECOLITFC00189,RDBECOLITFC00140,COOPERATES_WITH
RDBECOLITFC00189,RDBECOLITFC00160,COOPERATES_WITH
RDBECOLITFC00005,RDBECOLITFC00190,COOPERATES_WITH
RDBECOLITFC00005,RDBECOLITFC00221,COOPERATES_WITH
RDBECOLITFC00140,RDBECOLITFC00221,COOPERATES_WITH
RDBECOLITFC00129,RDBECOLITFC00081,COOPERATES_WITH
RDBECOLITFC00064,RDBECOLITFC00218,COOPERATES_WITH
RDBECOLITFC00218,RDBECOLITFC00114,COOPERATES_WITH
RDBECOLITFC00086,RDBECOLITFC00196,COOPERATES_WITH
RDBECOLITFC00133,RDBECOLITFC00196,COOPERATES_WITH
RDBECOLITFC00213,RDBECOLITFC00086,COOPERATES_WITH
RDBECOLITFC00213,RDBECOLITFC00160,COOPERATES_WITH
RDBECOLITFC00213,RDBECOLITFC00110,COOPERATES_WITH
RDBECOLITFC00213,RDBECOLITFC00150,COOPERATES_WITH
RDBECOLITFC00086,RDBECOLITFC00213,COOPERATES_WITH
RDBECOLITFC00086,RDBECOLITFC00150,COOPERATES_WITH
RDBECOLITFC00160,RDBECOLITFC00213,COOPERATES_WITH
RDBECOLITFC00110,RDBECOLITFC00213,COOPERATES_WITH
RDBECOLITFC00110,RDBECOLITFC00150,COOPERATES_WITH
RDBECOLITFC00150,RDBECOLITFC00213,COOPERATES_WITH
RDBECOLITFC00005,RDBECOLITFC00050,COOPERATES_WITH
RDBECOLITFC00005,RDBECOLITFC00128,COOPERATES_WITH
RDBECOLITFC00005,RDBECOLITFC00110,COOPERATES_WITH
RDBECOLITFC00077,RDBECOLITFC00048,COOPERATES_WITH
RDBECOLITFC00077,RDBECOLITFC00129,COOPERATES_WITH
RDBECOLITFC00048,RDBECOLITFC00129,COOPERATES_WITH
RDBECOLITFC00140,RDBECOLITFC00128,COOPERATES_WITH
RDBECOLITFC00140,RDBECOLITFC00009,COOPERATES_WITH
RDBECOLITFC00140,RDBECOLITFC00104,COOPERATES_WITH
RDBECOLITFC00128,RDBECOLITFC00009,COOPERATES_WITH
RDBECOLITFC00128,RDBECOLITFC00104,COOPERATES_WITH
RDBECOLITFC00009,RDBECOLITFC00160,COOPERATES_WITH
RDBECOLITFC00017,RDBECOLITFC00101,COOPERATES_WITH
RDBECOLITFC00109,RDBECOLITFC00086,COOPERATES_WITH
RDBECOLITFC00092,RDBECOLITFC00154,COOPERATES_WITH
RDBECOLITFC00092,RDBECOLITFC00126,COOPERATES_WITH
RDBECOLITFC00092,RDBECOLITFC00211,COOPERATES_WITH
RDBECOLITFC00154,RDBECOLITFC00043,COOPERATES_WITH
RDBECOLITFC00154,RDBECOLITFC00190,COOPERATES_WITH
RDBECOLITFC00154,RDBECOLITFC00211,COOPERATES_WITH
RDBECOLITFC00043,RDBECOLITFC00126,COOPERATES_WITH
RDBECOLITFC00043,RDBECOLITFC00190,COOPERATES_WITH
RDBECOLITFC00043,RDBECOLITFC00095,COOPERATES_WITH
RDBECOLITFC00043,RDBECOLITFC00060,COOPERATES_WITH
RDBECOLITFC00043,RDBECOLITFC00211,COOPERATES_WITH
RDBECOLITFC00086,RDBECOLITFC00211,COOPERATES_WITH
RDBECOLITFC00126,RDBECOLITFC00190,COOPERATES_WITH
RDBECOLITFC00126,RDBECOLITFC00211,COOPERATES_WITH
RDBECOLITFC00190,RDBECOLITFC00060,COOPERATES_WITH
RDBECOLITFC00190,RDBECOLITFC00211,COOPERATES_WITH
RDBECOLITFC00095,RDBECOLITFC00211,COOPERATES_WITH
RDBECOLITFC00060,RDBECOLITFC00211,COOPERATES_WITH
RDBECOLITFC00211,RDBECOLITFC00211,COOPERATES_WITH
RDBECOLITFC00163,RDBECOLITFC00150,COOPERATES_WITH
RDBECOLITFC00086,RDBECOLITFC00206,COOPERATES_WITH
RDBECOLITFC00092,RDBECOLITFC00171,COOPERATES_WITH
RDBECOLITFC00092,RDBECOLITFC00023,COOPERATES_WITH
RDBECOLITFC00023,RDBECOLITFC00023,COOPERATES_WITH
RDBECOLITFC00023,RDBECOLITFC00171,COOPERATES_WITH
RDBECOLITFC00104,RDBECOLITFC00150,COOPERATES_WITH
RDBECOLITFC00070,RDBECOLITFC00110,COOPERATES_WITH
RDBECOLITFC00092,RDBECOLITFC00110,COOPERATES_WITH
RDBECOLITFC00005,RDBECOLITFC00218,COOPERATES_WITH
RDBECOLITFC00140,RDBECOLITFC00218,COOPERATES_WITH
RDBECOLITFC00140,RDBECOLITFC00005,COOPERATES_WITH
RDBECOLITFC00044,RDBECOLITFC00218,COOPERATES_WITH
RDBECOLITFC00070,RDBECOLITFC00218,COOPERATES_WITH
RDBECOLITFC00218,RDBECOLITFC00070,COOPERATES_WITH
RDBECOLITFC00218,RDBECOLITFC00160,COOPERATES_WITH
RDBECOLITFC00218,RDBECOLITFC00140,COOPERATES_WITH
RDBECOLITFC00218,RDBECOLITFC00005,COOPERATES_WITH
RDBECOLITFC00152,RDBECOLITFC00150,COOPERATES_WITH
RDBECOLITFC00086,RDBECOLITFC00088,COOPERATES_WITH
RDBECOLITFC00173,RDBECOLITFC00173,COOPERATES_WITH
RDBECOLITFC00034,RDBECOLITFC00133,COOPERATES_WITH
RDBECOLITFC00160,RDBECOLITFC00126,COOPERATES_WITH
RDBECOLITFC00160,RDBECOLITFC00154,COOPERATES_WITH
RDBECOLITFC00129,RDBECOLITFC00154,COOPERATES_WITH
RDBECOLITFC00154,RDBECOLITFC00132,COOPERATES_WITH
RDBECOLITFC00132,RDBECOLITFC00132,COOPERATES_WITH
RDBECOLITFC00006,RDBECOLITFC00070,COOPERATES_WITH
RDBECOLITFC00092,RDBECOLITFC00231,COOPERATES_WITH
RDBECOLITFC00133,RDBECOLITFC00231,COOPERATES_WITH
RDBECOLITFC00086,RDBECOLITFC00231,COOPERATES_WITH
RDBECOLITFC00231,RDBECOLITFC00231,COOPERATES_WITH
RDBECOLITFC00076,RDBECOLITFC00190,COOPERATES_WITH
RDBECOLITFC00090,RDBECOLITFC00140,COOPERATES_WITH
RDBECOLITFC00140,RDBECOLITFC00090,COOPERATES_WITH
RDBECOLITFC00086,RDBECOLITFC00034,COOPERATES_WITH
RDBECOLITFC00129,RDBECOLITFC00189,COOPERATES_WITH
RDBECOLITFC00189,RDBECOLITFC00133,COOPERATES_WITH
RDBECOLITFC00189,RDBECOLITFC00110,COOPERATES_WITH
RDBECOLITFC00133,RDBECOLITFC00110,COOPERATES_WITH
RDBECOLITFC00141,RDBECOLITFC00092,COOPERATES_WITH
RDBECOLITFC00141,RDBECOLITFC00235,COOPERATES_WITH
RDBECOLITFC00092,RDBECOLITFC00235,COOPERATES_WITH
RDBECOLITFC00146,RDBECOLITFC00126,COOPERATES_WITH
RDBECOLITFC00146,RDBECOLITFC00095,COOPERATES_WITH
RDBECOLITFC00146,RDBECOLITFC00060,COOPERATES_WITH
RDBECOLITFC00146,RDBECOLITFC00003,COOPERATES_WITH
RDBECOLITFC00146,RDBECOLITFC00154,COOPERATES_WITH
RDBECOLITFC00146,RDBECOLITFC00117,COOPERATES_WITH
RDBECOLITFC00146,RDBECOLITFC00026,COOPERATES_WITH
RDBECOLITFC00126,RDBECOLITFC00117,COOPERATES_WITH
RDBECOLITFC00126,RDBECOLITFC00026,COOPERATES_WITH
RDBECOLITFC00095,RDBECOLITFC00117,COOPERATES_WITH
RDBECOLITFC00095,RDBECOLITFC00026,COOPERATES_WITH
RDBECOLITFC00060,RDBECOLITFC00003,COOPERATES_WITH
RDBECOLITFC00060,RDBECOLITFC00117,COOPERATES_WITH
RDBECOLITFC00060,RDBECOLITFC00026,COOPERATES_WITH
RDBECOLITFC00003,RDBECOLITFC00154,COOPERATES_WITH
RDBECOLITFC00003,RDBECOLITFC00117,COOPERATES_WITH
RDBECOLITFC00003,RDBECOLITFC00026,COOPERATES_WITH
RDBECOLITFC00154,RDBECOLITFC00117,COOPERATES_WITH
RDBECOLITFC00154,RDBECOLITFC00026,COOPERATES_WITH
RDBECOLITFC00117,RDBECOLITFC00026,COOPERATES_WITH
RDBECOLITFC00140,RDBECOLITFC00048,COOPERATES_WITH
RDBECOLITFC00086,RDBECOLITFC00102,COOPERATES_WITH
RDBECOLITFC00031,RDBECOLITFC00031,COOPERATES_WITH
RDBECOLITFC00031,RDBECOLITFC00160,COOPERATES_WITH
RDBECOLITFC00031,RDBECOLITFC00133,COOPERATES_WITH
RDBECOLITFC00031,RDBECOLITFC00086,COOPERATES_WITH
RDBECOLITFC00031,RDBECOLITFC00050,COOPERATES_WITH
RDBECOLITFC00160,RDBECOLITFC00031,COOPERATES_WITH
RDBECOLITFC00133,RDBECOLITFC00031,COOPERATES_WITH
RDBECOLITFC00065,RDBECOLITFC00065,COOPERATES_WITH
RDBECOLITFC00065,RDBECOLITFC00086,COOPERATES_WITH
RDBECOLITFC00065,RDBECOLITFC00171,COOPERATES_WITH
RDBECOLITFC00086,RDBECOLITFC00065,COOPERATES_WITH
RDBECOLITFC00171,RDBECOLITFC00065,COOPERATES_WITH
RDBECOLITFC00171,RDBECOLITFC00078,COOPERATES_WITH
RDBECOLITFC00171,RDBECOLITFC00160,COOPERATES_WITH
RDBECOLITFC00171,RDBECOLITFC00129,COOPERATES_WITH
RDBECOLITFC00003,RDBECOLITFC00178,COOPERATES_WITH
RDBECOLITFC00222,RDBECOLITFC00178,COOPERATES_WITH
RDBECOLITFC00071,RDBECOLITFC00140,COOPERATES_WITH
RDBECOLITFC00071,RDBECOLITFC00068,COOPERATES_WITH
RDBECOLITFC00140,RDBECOLITFC00068,COOPERATES_WITH
RDBECOLITFC00068,RDBECOLITFC00068,COOPERATES_WITH
RDBECOLITFC00105,RDBECOLITFC00157,COOPERATES_WITH
RDBECOLITFC00133,RDBECOLITFC00157,COOPERATES_WITH
RDBECOLITFC00084,RDBECOLITFC00105,COOPERATES_WITH
RDBECOLITFC00084,RDBECOLITFC00044,COOPERATES_WITH
RDBECOLITFC00084,RDBECOLITFC00070,COOPERATES_WITH
RDBECOLITFC00084,RDBECOLITFC00190,COOPERATES_WITH
RDBECOLITFC00160,RDBECOLITFC00170,COOPERATES_WITH
RDBECOLITFC00218,RDBECOLITFC00044,COOPERATES_WITH
RDBECOLITFC00218,RDBECOLITFC00189,COOPERATES_WITH
RDBECOLITFC00044,RDBECOLITFC00189,COOPERATES_WITH
RDBECOLITFC00189,RDBECOLITFC00070,COOPERATES_WITH
RDBECOLITFC00160,RDBECOLITFC00142,COOPERATES_WITH
RDBECOLITFC00070,RDBECOLITFC00142,COOPERATES_WITH
RDBECOLITFC00042,RDBECOLITFC00140,COOPERATES_WITH
RDBECOLITFC00190,RDBECOLITFC00087,COOPERATES_WITH
RDBECOLITFC00086,RDBECOLITFC00087,COOPERATES_WITH
RDBECOLITFC00087,RDBECOLITFC00133,COOPERATES_WITH
RDBECOLITFC00143,RDBECOLITFC00143,COOPERATES_WITH
RDBECOLITFC00127,RDBECOLITFC00190,COOPERATES_WITH
RDBECOLITFC00043,RDBECOLITFC00133,COOPERATES_WITH
RDBECOLITFC00240,RDBECOLITFC00178,COOPERATES_WITH
RDBECOLITFC00240,RDBECOLITFC00177,COOPERATES_WITH
RDBECOLITFC00043,RDBECOLITFC00178,COOPERATES_WITH
RDBECOLITFC00043,RDBECOLITFC00177,COOPERATES_WITH
RDBECOLITFC00178,RDBECOLITFC00177,COOPERATES_WITH
RDBECOLITFC00043,RDBECOLITFC00013,COOPERATES_WITH
RDBECOLITFC00043,RDBECOLITFC00092,COOPERATES_WITH
RDBECOLITFC00043,RDBECOLITFC00138,COOPERATES_WITH
RDBECOLITFC00043,RDBECOLITFC00182,COOPERATES_WITH
RDBECOLITFC00043,RDBECOLITFC00144,COOPERATES_WITH
RDBECOLITFC00043,RDBECOLITFC00050,COOPERATES_WITH
RDBECOLITFC00140,RDBECOLITFC00013,COOPERATES_WITH
RDBECOLITFC00140,RDBECOLITFC00178,COOPERATES_WITH
RDBECOLITFC00140,RDBECOLITFC00138,COOPERATES_WITH
RDBECOLITFC00140,RDBECOLITFC00182,COOPERATES_WITH
RDBECOLITFC00140,RDBECOLITFC00144,COOPERATES_WITH
RDBECOLITFC00140,RDBECOLITFC00177,COOPERATES_WITH
RDBECOLITFC00013,RDBECOLITFC00092,COOPERATES_WITH
RDBECOLITFC00013,RDBECOLITFC00178,COOPERATES_WITH
RDBECOLITFC00013,RDBECOLITFC00138,COOPERATES_WITH
RDBECOLITFC00013,RDBECOLITFC00182,COOPERATES_WITH
RDBECOLITFC00013,RDBECOLITFC00144,COOPERATES_WITH
RDBECOLITFC00013,RDBECOLITFC00177,COOPERATES_WITH
RDBECOLITFC00240,RDBECOLITFC00092,COOPERATES_WITH
RDBECOLITFC00240,RDBECOLITFC00138,COOPERATES_WITH
RDBECOLITFC00240,RDBECOLITFC00182,COOPERATES_WITH
RDBECOLITFC00240,RDBECOLITFC00144,COOPERATES_WITH
RDBECOLITFC00240,RDBECOLITFC00050,COOPERATES_WITH
RDBECOLITFC00092,RDBECOLITFC00178,COOPERATES_WITH
RDBECOLITFC00092,RDBECOLITFC00138,COOPERATES_WITH
RDBECOLITFC00092,RDBECOLITFC00182,COOPERATES_WITH
RDBECOLITFC00092,RDBECOLITFC00144,COOPERATES_WITH
RDBECOLITFC00092,RDBECOLITFC00050,COOPERATES_WITH
RDBECOLITFC00092,RDBECOLITFC00177,COOPERATES_WITH
RDBECOLITFC00178,RDBECOLITFC00138,COOPERATES_WITH
RDBECOLITFC00178,RDBECOLITFC00182,COOPERATES_WITH
RDBECOLITFC00178,RDBECOLITFC00144,COOPERATES_WITH
RDBECOLITFC00138,RDBECOLITFC00182,COOPERATES_WITH
RDBECOLITFC00138,RDBECOLITFC00144,COOPERATES_WITH
RDBECOLITFC00138,RDBECOLITFC00050,COOPERATES_WITH
RDBECOLITFC00138,RDBECOLITFC00177,COOPERATES_WITH
RDBECOLITFC00182,RDBECOLITFC00144,COOPERATES_WITH
RDBECOLITFC00182,RDBECOLITFC00177,COOPERATES_WITH
RDBECOLITFC00144,RDBECOLITFC00177,COOPERATES_WITH
RDBECOLITFC00050,RDBECOLITFC00177,COOPERATES_WITH
RDBECOLITFC00086,RDBECOLITFC00240,COOPERATES_WITH
RDBECOLITFC00078,RDBECOLITFC00173,COOPERATES_WITH
RDBECOLITFC00173,RDBECOLITFC00043,COOPERATES_WITH
RDBECOLITFC00173,RDBECOLITFC00212,COOPERATES_WITH
RDBECOLITFC00138,RDBECOLITFC00087,COOPERATES_WITH
RDBECOLITFC00138,RDBECOLITFC00171,COOPERATES_WITH
RDBECOLITFC00138,RDBECOLITFC00238,COOPERATES_WITH
RDBECOLITFC00087,RDBECOLITFC00171,COOPERATES_WITH
RDBECOLITFC00087,RDBECOLITFC00238,COOPERATES_WITH
RDBECOLITFC00050,RDBECOLITFC00171,COOPERATES_WITH
RDBECOLITFC00050,RDBECOLITFC00238,COOPERATES_WITH
RDBECOLITFC00171,RDBECOLITFC00140,COOPERATES_WITH
RDBECOLITFC00238,RDBECOLITFC00140,COOPERATES_WITH
RDBECOLITFC00005,RDBECOLITFC00015,COOPERATES_WITH
RDBECOLITFC00005,RDBECOLITFC00240,COOPERATES_WITH
RDBECOLITFC00005,RDBECOLITFC00082,COOPERATES_WITH
RDBECOLITFC00015,RDBECOLITFC00240,COOPERATES_WITH
RDBECOLITFC00015,RDBECOLITFC00082,COOPERATES_WITH
RDBECOLITFC00015,RDBECOLITFC00218,COOPERATES_WITH
RDBECOLITFC00240,RDBECOLITFC00082,COOPERATES_WITH
RDBECOLITFC00082,RDBECOLITFC00140,COOPERATES_WITH
RDBECOLITFC00082,RDBECOLITFC00218,COOPERATES_WITH
RDBECOLITFC00082,RDBECOLITFC00050,COOPERATES_WITH
RDBECOLITFC00218,RDBECOLITFC00050,COOPERATES_WITH
RDBECOLITFC00076,RDBECOLITFC00140,COOPERATES_WITH
RDBECOLITFC00144,RDBECOLITFC00094,COOPERATES_WITH
RDBECOLITFC00144,RDBECOLITFC00133,COOPERATES_WITH
RDBECOLITFC00144,RDBECOLITFC00129,COOPERATES_WITH
RDBECOLITFC00094,RDBECOLITFC00129,COOPERATES_WITH
RDBECOLITFC00183,RDBECOLITFC00129,COOPERATES_WITH
RDBECOLITFC00110,RDBECOLITFC00063,COOPERATES_WITH
RDBECOLITFC00110,RDBECOLITFC00164,COOPERATES_WITH
RDBECOLITFC00110,RDBECOLITFC00133,COOPERATES_WITH
RDBECOLITFC00078,RDBECOLITFC00164,COOPERATES_WITH
RDBECOLITFC00078,RDBECOLITFC00094,COOPERATES_WITH
RDBECOLITFC00078,RDBECOLITFC00133,COOPERATES_WITH
RDBECOLITFC00063,RDBECOLITFC00164,COOPERATES_WITH
RDBECOLITFC00063,RDBECOLITFC00094,COOPERATES_WITH
RDBECOLITFC00063,RDBECOLITFC00063,COOPERATES_WITH
RDBECOLITFC00063,RDBECOLITFC00050,COOPERATES_WITH
RDBECOLITFC00063,RDBECOLITFC00133,COOPERATES_WITH
RDBECOLITFC00164,RDBECOLITFC00063,COOPERATES_WITH
RDBECOLITFC00094,RDBECOLITFC00063,COOPERATES_WITH
RDBECOLITFC00173,RDBECOLITFC00128,COOPERATES_WITH
RDBECOLITFC00173,RDBECOLITFC00050,COOPERATES_WITH
RDBECOLITFC00128,RDBECOLITFC00173,COOPERATES_WITH
RDBECOLITFC00129,RDBECOLITFC00115,COOPERATES_WITH
RDBECOLITFC00129,RDBECOLITFC00208,COOPERATES_WITH
RDBECOLITFC00188,RDBECOLITFC00115,COOPERATES_WITH
RDBECOLITFC00060,RDBECOLITFC00152,COOPERATES_WITH
RDBECOLITFC00126,RDBECOLITFC00152,COOPERATES_WITH
RDBECOLITFC00095,RDBECOLITFC00086,COOPERATES_WITH
RDBECOLITFC00095,RDBECOLITFC00152,COOPERATES_WITH
RDBECOLITFC00133,RDBECOLITFC00152,COOPERATES_WITH
RDBECOLITFC00152,RDBECOLITFC00133,COOPERATES_WITH
RDBECOLITFC00191,RDBECOLITFC00191,COOPERATES_WITH
RDBECOLITFC00099,RDBECOLITFC00133,COOPERATES_WITH
RDBECOLITFC00099,RDBECOLITFC00099,COOPERATES_WITH
RDBECOLITFC00133,RDBECOLITFC00099,COOPERATES_WITH
RDBECOLITFC00085,RDBECOLITFC00190,COOPERATES_WITH
RDBECOLITFC00085,RDBECOLITFC00110,COOPERATES_WITH
RDBECOLITFC00230,RDBECOLITFC00110,COOPERATES_WITH
RDBECOLITFC00038,RDBECOLITFC00038,COOPERATES_WITH
RDBECOLITFC00191,RDBECOLITFC00138,COOPERATES_WITH
RDBECOLITFC00191,RDBECOLITFC00060,COOPERATES_WITH
RDBECOLITFC00138,RDBECOLITFC00060,COOPERATES_WITH
RDBECOLITFC00138,RDBECOLITFC00191,COOPERATES_WITH
RDBECOLITFC00060,RDBECOLITFC00191,COOPERATES_WITH
RDBECOLITFC00086,RDBECOLITFC00026,COOPERATES_WITH
RDBECOLITFC00078,RDBECOLITFC00026,COOPERATES_WITH
RDBECOLITFC00140,RDBECOLITFC00026,COOPERATES_WITH
RDBECOLITFC00189,RDBECOLITFC00044,COOPERATES_WITH
RDBECOLITFC00137,RDBECOLITFC00140,COOPERATES_WITH
RDBECOLITFC00137,RDBECOLITFC00086,COOPERATES_WITH
RDBECOLITFC00222,RDBECOLITFC00048,COOPERATES_WITH
RDBECOLITFC00048,RDBECOLITFC00178,COOPERATES_WITH
RDBECOLITFC00128,RDBECOLITFC00190,COOPERATES_WITH
RDBECOLITFC00218,RDBECOLITFC00066,COOPERATES_WITH
RDBECOLITFC00129,RDBECOLITFC00229,COOPERATES_WITH
RDBECOLITFC00160,RDBECOLITFC00229,COOPERATES_WITH
RDBECOLITFC00229,RDBECOLITFC00050,COOPERATES_WITH
RDBECOLITFC00140,RDBECOLITFC00052,COOPERATES_WITH
RDBECOLITFC00086,RDBECOLITFC00052,COOPERATES_WITH
RDBECOLITFC00041,RDBECOLITFC00041,COOPERATES_WITH
RDBECOLITFC00041,RDBECOLITFC00067,COOPERATES_WITH
RDBECOLITFC00041,RDBECOLITFC00190,COOPERATES_WITH
RDBECOLITFC00067,RDBECOLITFC00067,COOPERATES_WITH
RDBECOLITFC00067,RDBECOLITFC00190,COOPERATES_WITH
RDBECOLITFC00087,RDBECOLITFC00183,COOPERATES_WITH
RDBECOLITFC00183,RDBECOLITFC00160,COOPERATES_WITH
RDBECOLITFC00183,RDBECOLITFC00190,COOPERATES_WITH
RDBECOLITFC00160,RDBECOLITFC00183,COOPERATES_WITH
RDBECOLITFC00133,RDBECOLITFC00164,COOPERATES_WITH
RDBECOLITFC00133,RDBECOLITFC00094,COOPERATES_WITH
RDBECOLITFC00133,RDBECOLITFC00006,COOPERATES_WITH
RDBECOLITFC00133,RDBECOLITFC00032,COOPERATES_WITH
RDBECOLITFC00164,RDBECOLITFC00160,COOPERATES_WITH
RDBECOLITFC00164,RDBECOLITFC00086,COOPERATES_WITH
RDBECOLITFC00164,RDBECOLITFC00006,COOPERATES_WITH
RDBECOLITFC00164,RDBECOLITFC00190,COOPERATES_WITH
RDBECOLITFC00160,RDBECOLITFC00006,COOPERATES_WITH
RDBECOLITFC00086,RDBECOLITFC00006,COOPERATES_WITH
RDBECOLITFC00160,RDBECOLITFC00022,COOPERATES_WITH
RDBECOLITFC00129,RDBECOLITFC00094,COOPERATES_WITH
RDBECOLITFC00129,RDBECOLITFC00022,COOPERATES_WITH
RDBECOLITFC00094,RDBECOLITFC00022,COOPERATES_WITH
RDBECOLITFC00086,RDBECOLITFC00137,COOPERATES_WITH
RDBECOLITFC00140,RDBECOLITFC00137,COOPERATES_WITH
RDBECOLITFC00024,RDBECOLITFC00129,COOPERATES_WITH
RDBECOLITFC00024,RDBECOLITFC00183,COOPERATES_WITH
RDBECOLITFC00024,RDBECOLITFC00140,COOPERATES_WITH
RDBECOLITFC00024,RDBECOLITFC00052,COOPERATES_WITH
RDBECOLITFC00129,RDBECOLITFC00183,COOPERATES_WITH
RDBECOLITFC00129,RDBECOLITFC00052,COOPERATES_WITH
RDBECOLITFC00183,RDBECOLITFC00140,COOPERATES_WITH
RDBECOLITFC00183,RDBECOLITFC00052,COOPERATES_WITH
RDBECOLITFC00140,RDBECOLITFC00226,COOPERATES_WITH
RDBECOLITFC00220,RDBECOLITFC00127,COOPERATES_WITH
RDBECOLITFC00087,RDBECOLITFC00129,COOPERATES_WITH
RDBECOLITFC00087,RDBECOLITFC00163,COOPERATES_WITH
RDBECOLITFC00005,RDBECOLITFC00163,COOPERATES_WITH
RDBECOLITFC00160,RDBECOLITFC00163,COOPERATES_WITH
RDBECOLITFC00129,RDBECOLITFC00163,COOPERATES_WITH
RDBECOLITFC00086,RDBECOLITFC00066,COOPERATES_WITH
RDBECOLITFC00086,RDBECOLITFC00080,COOPERATES_WITH
RDBECOLITFC00066,RDBECOLITFC00080,COOPERATES_WITH
RDBECOLITFC00080,RDBECOLITFC00160,COOPERATES_WITH
RDBECOLITFC00140,RDBECOLITFC00061,COOPERATES_WITH
RDBECOLITFC00047,RDBECOLITFC00047,COOPERATES_WITH
RDBECOLITFC00047,RDBECOLITFC00086,COOPERATES_WITH
RDBECOLITFC00086,RDBECOLITFC00047,COOPERATES_WITH
RDBECOLITFC00095,RDBECOLITFC00092,COOPERATES_WITH
RDBECOLITFC00060,RDBECOLITFC00092,COOPERATES_WITH
RDBECOLITFC00126,RDBECOLITFC00092,COOPERATES_WITH
RDBECOLITFC00005,RDBECOLITFC00012,COOPERATES_WITH
RDBECOLITFC00025,RDBECOLITFC00140,COOPERATES_WITH
RDBECOLITFC00025,RDBECOLITFC00110,COOPERATES_WITH
RDBECOLITFC00025,RDBECOLITFC00160,COOPERATES_WITH
